source_workbook,source_sheet,source_row,source_cell,reference_name,name_as_listed,marketing_header,technical_header,thickness_mm,option_as_listed,notes_as_listed,interpretation
Assortment confirmation list with names 260618_1.xlsx,Names,2,I2,Arabescato Corchia,Arabescato Corchia Block 59,Polished,Polished,,x,,"assortment option; not SKU, stock, lifecycle or Merch priority"
Assortment confirmation list with names 260618_1.xlsx,Names,2,J2,Arabescato Corchia,Arabescato Corchia Block 59,Honed,Honed,,x,,"assortment option; not SKU, stock, lifecycle or Merch priority"
Assortment confirmation list with names 260618_1.xlsx,Names,3,I3,Arabescato Vagli,Arabescato Vagli Block 34,Polished,Polished,,x,,"assortment option; not SKU, stock, lifecycle or Merch priority"
Assortment confirmation list with names 260618_1.xlsx,Names,3,J3,Arabescato Vagli,Arabescato Vagli Block 34,Honed,Honed,,x,,"assortment option; not SKU, stock, lifecycle or Merch priority"
Assortment confirmation list with names 260618_1.xlsx,Names,3,K3,Arabescato Vagli,Arabescato Vagli Block 34,Satin,Satin,,x,,"assortment option; not SKU, stock, lifecycle or Merch priority"
Assortment confirmation list with names 260618_1.xlsx,Names,4,I4,Statuario,Statuario Block 16,Polished,Polished,,x,,"assortment option; not SKU, stock, lifecycle or Merch priority"
Assortment confirmation list with names 260618_1.xlsx,Names,4,J4,Statuario,Statuario Block 16,Honed,Honed,,x,,"assortment option; not SKU, stock, lifecycle or Merch priority"
Assortment confirmation list with names 260618_1.xlsx,Names,5,I5,Statuario,Statuario Block 17,Polished,Polished,,x,,"assortment option; not SKU, stock, lifecycle or Merch priority"
Assortment confirmation list with names 260618_1.xlsx,Names,5,J5,Statuario,Statuario Block 17,Honed,Honed,,x,,"assortment option; not SKU, stock, lifecycle or Merch priority"
Assortment confirmation list with names 260618_1.xlsx,Names,5,K5,Statuario,Statuario Block 17,Satin,Satin,,x,,"assortment option; not SKU, stock, lifecycle or Merch priority"
Assortment confirmation list with names 260618_1.xlsx,Names,6,I6,Bianco Gioia,Bianco Gioia Block 19,Polished,Polished,,x,,"assortment option; not SKU, stock, lifecycle or Merch priority"
Assortment confirmation list with names 260618_1.xlsx,Names,6,J6,Bianco Gioia,Bianco Gioia Block 19,Honed,Honed,,x,,"assortment option; not SKU, stock, lifecycle or Merch priority"
Assortment confirmation list with names 260618_1.xlsx,Names,7,I7,Montania Grey,Montania Grey,Polished,Polished,,x,,"assortment option; not SKU, stock, lifecycle or Merch priority"
Assortment confirmation list with names 260618_1.xlsx,Names,7,J7,Montania Grey,Montania Grey,Honed,Honed,,x,,"assortment option; not SKU, stock, lifecycle or Merch priority"
Assortment confirmation list with names 260618_1.xlsx,Names,7,K7,Montania Grey,Montania Grey,Satin,Satin,,x,,"assortment option; not SKU, stock, lifecycle or Merch priority"
Assortment confirmation list with names 260618_1.xlsx,Names,8,I8,Calacatta Corchia,Calacatta Corchia,Polished,Polished,,x,,"assortment option; not SKU, stock, lifecycle or Merch priority"
Assortment confirmation list with names 260618_1.xlsx,Names,8,J8,Calacatta Corchia,Calacatta Corchia,Honed,Honed,,x,,"assortment option; not SKU, stock, lifecycle or Merch priority"
Assortment confirmation list with names 260618_1.xlsx,Names,8,K8,Calacatta Corchia,Calacatta Corchia,Satin,Satin,,x,,"assortment option; not SKU, stock, lifecycle or Merch priority"
Assortment confirmation list with names 260618_1.xlsx,Names,9,I9,Calacatta Carrera,Calacatta Carrera,Polished,Polished,,x,,"assortment option; not SKU, stock, lifecycle or Merch priority"
Assortment confirmation list with names 260618_1.xlsx,Names,9,J9,Calacatta Carrera,Calacatta Carrera,Honed,Honed,,x,,"assortment option; not SKU, stock, lifecycle or Merch priority"
Assortment confirmation list with names 260618_1.xlsx,Names,9,K9,Calacatta Carrera,Calacatta Carrera,Satin,Satin,,x,,"assortment option; not SKU, stock, lifecycle or Merch priority"
Assortment confirmation list with names 260618_1.xlsx,Names,10,I10,Calacatta Monti,Calacatta Monti Block 54,Polished,Polished,,x,consider cancelling,"assortment option; not SKU, stock, lifecycle or Merch priority"
Assortment confirmation list with names 260618_1.xlsx,Names,10,J10,Calacatta Monti,Calacatta Monti Block 54,Honed,Honed,,x,consider cancelling,"assortment option; not SKU, stock, lifecycle or Merch priority"
Assortment confirmation list with names 260618_1.xlsx,Names,11,I11,Ariel Bianco,Ariel Bianco Block 33,Polished,Polished,,x,,"assortment option; not SKU, stock, lifecycle or Merch priority"
Assortment confirmation list with names 260618_1.xlsx,Names,11,J11,Ariel Bianco,Ariel Bianco Block 33,Honed,Honed,,x,,"assortment option; not SKU, stock, lifecycle or Merch priority"
Assortment confirmation list with names 260618_1.xlsx,Names,11,K11,Ariel Bianco,Ariel Bianco Block 33,Satin,Satin,,x,,"assortment option; not SKU, stock, lifecycle or Merch priority"
Assortment confirmation list with names 260618_1.xlsx,Names,12,I12,Panda,Panda Block 22,Polished,Polished,,x,,"assortment option; not SKU, stock, lifecycle or Merch priority"
Assortment confirmation list with names 260618_1.xlsx,Names,12,J12,Panda,Panda Block 22,Honed,Honed,,x,,"assortment option; not SKU, stock, lifecycle or Merch priority"
Assortment confirmation list with names 260618_1.xlsx,Names,13,I13,Crystal - Calacatta Oro,Calacatta Oro Block 12,Polished,Polished,,x,consider La Marca Calacatta,"assortment option; not SKU, stock, lifecycle or Merch priority"
Assortment confirmation list with names 260618_1.xlsx,Names,13,J13,Crystal - Calacatta Oro,Calacatta Oro Block 12,Honed,Honed,,x,consider La Marca Calacatta,"assortment option; not SKU, stock, lifecycle or Merch priority"
Assortment confirmation list with names 260618_1.xlsx,Names,13,K13,Crystal - Calacatta Oro,Calacatta Oro Block 12,Satin,Satin,,x,consider La Marca Calacatta,"assortment option; not SKU, stock, lifecycle or Merch priority"
Assortment confirmation list with names 260618_1.xlsx,Names,14,I14,Calacatta Cremo,Calacatta Cremo Block 31,Polished,Polished,,x,,"assortment option; not SKU, stock, lifecycle or Merch priority"
Assortment confirmation list with names 260618_1.xlsx,Names,14,J14,Calacatta Cremo,Calacatta Cremo Block 31,Honed,Honed,,x,,"assortment option; not SKU, stock, lifecycle or Merch priority"
Assortment confirmation list with names 260618_1.xlsx,Names,14,K14,Calacatta Cremo,Calacatta Cremo Block 31,Satin,Satin,,x,,"assortment option; not SKU, stock, lifecycle or Merch priority"
Assortment confirmation list with names 260618_1.xlsx,Names,15,I15,"Crystal - White Macaubas - Color adjust to white background, grey or grey/beige veins?",,Polished,Polished,,x,,"assortment option; not SKU, stock, lifecycle or Merch priority"
Assortment confirmation list with names 260618_1.xlsx,Names,15,J15,"Crystal - White Macaubas - Color adjust to white background, grey or grey/beige veins?",,Honed,Honed,,x,,"assortment option; not SKU, stock, lifecycle or Merch priority"
Assortment confirmation list with names 260618_1.xlsx,Names,15,K15,"Crystal - White Macaubas - Color adjust to white background, grey or grey/beige veins?",,Satin,Satin,,x,,"assortment option; not SKU, stock, lifecycle or Merch priority"
Assortment confirmation list with names 260618_1.xlsx,Names,16,I16,Calacatta Nero Borghini GRA-0001 GRA-0001-2,,Polished,Polished,,x,,"assortment option; not SKU, stock, lifecycle or Merch priority"
Assortment confirmation list with names 260618_1.xlsx,Names,16,J16,Calacatta Nero Borghini GRA-0001 GRA-0001-2,,Honed,Honed,,x,,"assortment option; not SKU, stock, lifecycle or Merch priority"
Assortment confirmation list with names 260618_1.xlsx,Names,16,K16,Calacatta Nero Borghini GRA-0001 GRA-0001-2,,Satin,Satin,,x,,"assortment option; not SKU, stock, lifecycle or Merch priority"
Assortment confirmation list with names 260618_1.xlsx,Names,17,I17,Fusion White,Fusion White Block 27,Polished,Polished,,x,,"assortment option; not SKU, stock, lifecycle or Merch priority"
Assortment confirmation list with names 260618_1.xlsx,Names,17,J17,Fusion White,Fusion White Block 27,Honed,Honed,,x,,"assortment option; not SKU, stock, lifecycle or Merch priority"
Assortment confirmation list with names 260618_1.xlsx,Names,18,I18,Gemma Bronze,Gemma Bronze Block 45,Polished,Polished,,x,,"assortment option; not SKU, stock, lifecycle or Merch priority"
Assortment confirmation list with names 260618_1.xlsx,Names,18,J18,Gemma Bronze,Gemma Bronze Block 45,Honed,Honed,,x,,"assortment option; not SKU, stock, lifecycle or Merch priority"
Assortment confirmation list with names 260618_1.xlsx,Names,19,I19,Calacatta Picasso,Calacatta Picasso Block 32,Polished,Polished,,x,,"assortment option; not SKU, stock, lifecycle or Merch priority"
Assortment confirmation list with names 260618_1.xlsx,Names,19,J19,Calacatta Picasso,Calacatta Picasso Block 32,Honed,Honed,,x,,"assortment option; not SKU, stock, lifecycle or Merch priority"
Assortment confirmation list with names 260618_1.xlsx,Names,20,I20,Calacatta Viola,Calacatta Viola Block 41,Polished,Polished,,x,,"assortment option; not SKU, stock, lifecycle or Merch priority"
Assortment confirmation list with names 260618_1.xlsx,Names,20,J20,Calacatta Viola,Calacatta Viola Block 41,Honed,Honed,,x,,"assortment option; not SKU, stock, lifecycle or Merch priority"
Assortment confirmation list with names 260618_1.xlsx,Names,21,I21,Calacatta Borghini,,Polished,Polished,,x,,"assortment option; not SKU, stock, lifecycle or Merch priority"
Assortment confirmation list with names 260618_1.xlsx,Names,21,J21,Calacatta Borghini,,Honed,Honed,,x,,"assortment option; not SKU, stock, lifecycle or Merch priority"
Assortment confirmation list with names 260618_1.xlsx,Names,21,K21,Calacatta Borghini,,Satin,Satin,,x,,"assortment option; not SKU, stock, lifecycle or Merch priority"
Assortment confirmation list with names 260618_1.xlsx,Names,23,I23,Cristallo,Cristallo Block 13,Polished,Polished,,x,,"assortment option; not SKU, stock, lifecycle or Merch priority"
Assortment confirmation list with names 260618_1.xlsx,Names,23,J23,Cristallo,Cristallo Block 13,Honed,Honed,,x,,"assortment option; not SKU, stock, lifecycle or Merch priority"
Assortment confirmation list with names 260618_1.xlsx,Names,23,K23,Cristallo,Cristallo Block 13,Satin,Satin,,x,,"assortment option; not SKU, stock, lifecycle or Merch priority"
Assortment confirmation list with names 260618_1.xlsx,Names,24,I24,Taj Mahal,Taj Mahal,Polished,Polished,,x,,"assortment option; not SKU, stock, lifecycle or Merch priority"
Assortment confirmation list with names 260618_1.xlsx,Names,24,J24,Taj Mahal,Taj Mahal,Honed,Honed,,x,,"assortment option; not SKU, stock, lifecycle or Merch priority"
Assortment confirmation list with names 260618_1.xlsx,Names,24,K24,Taj Mahal,Taj Mahal,Satin,Satin,,x,,"assortment option; not SKU, stock, lifecycle or Merch priority"
Assortment confirmation list with names 260618_1.xlsx,Names,25,I25,Atlantic Ocean,Atlantic Ocean Block 24,Polished,Polished,,x,,"assortment option; not SKU, stock, lifecycle or Merch priority"
Assortment confirmation list with names 260618_1.xlsx,Names,25,J25,Atlantic Ocean,Atlantic Ocean Block 24,Honed,Honed,,x,,"assortment option; not SKU, stock, lifecycle or Merch priority"
Assortment confirmation list with names 260618_1.xlsx,Names,25,K25,Atlantic Ocean,Atlantic Ocean Block 24,Satin,Satin,,x,,"assortment option; not SKU, stock, lifecycle or Merch priority"
Assortment confirmation list with names 260618_1.xlsx,Names,26,I26,Marina White,Marina White Block 46,Polished,Polished,,x,,"assortment option; not SKU, stock, lifecycle or Merch priority"
Assortment confirmation list with names 260618_1.xlsx,Names,26,J26,Marina White,Marina White Block 46,Honed,Honed,,x,,"assortment option; not SKU, stock, lifecycle or Merch priority"
Assortment confirmation list with names 260618_1.xlsx,Names,27,I27,Super White,Super White Block 28,Polished,Polished,,x,,"assortment option; not SKU, stock, lifecycle or Merch priority"
Assortment confirmation list with names 260618_1.xlsx,Names,27,J27,Super White,Super White Block 28,Honed,Honed,,x,,"assortment option; not SKU, stock, lifecycle or Merch priority"
Assortment confirmation list with names 260618_1.xlsx,Names,28,J28,Grigio Quarzo,Grigio Quarzo,Honed,Honed,,x,,"assortment option; not SKU, stock, lifecycle or Merch priority"
Assortment confirmation list with names 260618_1.xlsx,Names,30,I30,"Crystal - French Vanilla (locate polished slab, picture shows bush hammered)",,Polished,Polished,,x,,"assortment option; not SKU, stock, lifecycle or Merch priority"
Assortment confirmation list with names 260618_1.xlsx,Names,30,J30,"Crystal - French Vanilla (locate polished slab, picture shows bush hammered)",,Honed,Honed,,x,,"assortment option; not SKU, stock, lifecycle or Merch priority"
Assortment confirmation list with names 260618_1.xlsx,Names,30,K30,"Crystal - French Vanilla (locate polished slab, picture shows bush hammered)",,Satin,Satin,,x,,"assortment option; not SKU, stock, lifecycle or Merch priority"
Assortment confirmation list with names 260618_1.xlsx,Names,31,I31,Pietra Imperiale (grey version),Forge Eleganza Block 20,Polished,Polished,,x,,"assortment option; not SKU, stock, lifecycle or Merch priority"
Assortment confirmation list with names 260618_1.xlsx,Names,31,J31,Pietra Imperiale (grey version),Forge Eleganza Block 20,Honed,Honed,,x,,"assortment option; not SKU, stock, lifecycle or Merch priority"
Assortment confirmation list with names 260618_1.xlsx,Names,31,K31,Pietra Imperiale (grey version),Forge Eleganza Block 20,Satin,Satin,,x,,"assortment option; not SKU, stock, lifecycle or Merch priority"
Assortment confirmation list with names 260618_1.xlsx,Names,32,I32,Montagnia Jade,Montagnia Jade Block 14,Polished,Polished,,x,,"assortment option; not SKU, stock, lifecycle or Merch priority"
Assortment confirmation list with names 260618_1.xlsx,Names,32,J32,Montagnia Jade,Montagnia Jade Block 14,Honed,Honed,,x,,"assortment option; not SKU, stock, lifecycle or Merch priority"
Assortment confirmation list with names 260618_1.xlsx,Names,33,I33,Verdi Alpi,Verdi Alpi Block 57,Polished,Polished,,x,,"assortment option; not SKU, stock, lifecycle or Merch priority"
Assortment confirmation list with names 260618_1.xlsx,Names,33,J33,Verdi Alpi,Verdi Alpi Block 57,Honed,Honed,,x,,"assortment option; not SKU, stock, lifecycle or Merch priority"
Assortment confirmation list with names 260618_1.xlsx,Names,34,I34,Foresta Vecchia,Foresta Vecchia Block 42,Polished,Polished,,x,,"assortment option; not SKU, stock, lifecycle or Merch priority"
Assortment confirmation list with names 260618_1.xlsx,Names,34,J34,Foresta Vecchia,Foresta Vecchia Block 42,Honed,Honed,,x,,"assortment option; not SKU, stock, lifecycle or Merch priority"
Assortment confirmation list with names 260618_1.xlsx,Names,35,I35,Foresta,Foresta Block 56,Polished,Polished,,x,,"assortment option; not SKU, stock, lifecycle or Merch priority"
Assortment confirmation list with names 260618_1.xlsx,Names,35,J35,Foresta,Foresta Block 56,Honed,Honed,,x,,"assortment option; not SKU, stock, lifecycle or Merch priority"
Assortment confirmation list with names 260618_1.xlsx,Names,36,I36,Pietra Imperiale,Pietra Imperiale Block 30,Polished,Polished,,x,,"assortment option; not SKU, stock, lifecycle or Merch priority"
Assortment confirmation list with names 260618_1.xlsx,Names,36,J36,Pietra Imperiale,Pietra Imperiale Block 30,Honed,Honed,,x,,"assortment option; not SKU, stock, lifecycle or Merch priority"
Assortment confirmation list with names 260618_1.xlsx,Names,36,K36,Pietra Imperiale,Pietra Imperiale Block 30,Satin,Satin,,x,,"assortment option; not SKU, stock, lifecycle or Merch priority"
Assortment confirmation list with names 260618_1.xlsx,Names,37,I37,Oro Noir,Oro Noir Block 25,Polished,Polished,,x,,"assortment option; not SKU, stock, lifecycle or Merch priority"
Assortment confirmation list with names 260618_1.xlsx,Names,37,J37,Oro Noir,Oro Noir Block 25,Honed,Honed,,x,,"assortment option; not SKU, stock, lifecycle or Merch priority"
Assortment confirmation list with names 260618_1.xlsx,Names,38,I38,Bianco Dior,Bianco Dior Block 38,Polished,Polished,,x,,"assortment option; not SKU, stock, lifecycle or Merch priority"
Assortment confirmation list with names 260618_1.xlsx,Names,38,J38,Bianco Dior,Bianco Dior Block 38,Honed,Honed,,x,,"assortment option; not SKU, stock, lifecycle or Merch priority"
Assortment confirmation list with names 260618_1.xlsx,Names,39,I39,Sahara Noir,Sahara Noir Block 15,Polished,Polished,,x,,"assortment option; not SKU, stock, lifecycle or Merch priority"
Assortment confirmation list with names 260618_1.xlsx,Names,39,J39,Sahara Noir,Sahara Noir Block 15,Honed,Honed,,x,,"assortment option; not SKU, stock, lifecycle or Merch priority"
Assortment confirmation list with names 260618_1.xlsx,Names,40,I40,Armani Noir,Armani Noir Block 17,Polished,Polished,,x,,"assortment option; not SKU, stock, lifecycle or Merch priority"
Assortment confirmation list with names 260618_1.xlsx,Names,40,J40,Armani Noir,Armani Noir Block 17,Honed,Honed,,x,,"assortment option; not SKU, stock, lifecycle or Merch priority"
Assortment confirmation list with names 260618_1.xlsx,Names,41,I41,Calacatta Noir,Calacatta Noir Block 34,Polished,Polished,,x,,"assortment option; not SKU, stock, lifecycle or Merch priority"
Assortment confirmation list with names 260618_1.xlsx,Names,41,J41,Calacatta Noir,Calacatta Noir Block 34,Honed,Honed,,x,,"assortment option; not SKU, stock, lifecycle or Merch priority"
Assortment confirmation list with names 260618_1.xlsx,Names,41,K41,Calacatta Noir,Calacatta Noir Block 34,Satin,Satin,,x,,"assortment option; not SKU, stock, lifecycle or Merch priority"
Assortment confirmation list with names 260618_1.xlsx,Names,42,I42,Nero Marquina Extra,Nero Marquina Extra Block 26,Polished,Polished,,x,,"assortment option; not SKU, stock, lifecycle or Merch priority"
Assortment confirmation list with names 260618_1.xlsx,Names,42,J42,Nero Marquina Extra,Nero Marquina Extra Block 26,Honed,Honed,,x,,"assortment option; not SKU, stock, lifecycle or Merch priority"
Assortment confirmation list with names 260618_1.xlsx,Names,42,K42,Nero Marquina Extra,Nero Marquina Extra Block 26,Satin,Satin,,x,,"assortment option; not SKU, stock, lifecycle or Merch priority"
Assortment confirmation list with names 260618_1.xlsx,Names,44,I44,Crystal - White Onyx,,Polished,Polished,,x,,"assortment option; not SKU, stock, lifecycle or Merch priority"
Assortment confirmation list with names 260618_1.xlsx,Names,44,J44,Crystal - White Onyx,,Honed,Honed,,x,,"assortment option; not SKU, stock, lifecycle or Merch priority"
Assortment confirmation list with names 260618_1.xlsx,Names,45,I45,Crystal - Pure Light Green Onyx,Grey / Taupe,Polished,Polished,,x,,"assortment option; not SKU, stock, lifecycle or Merch priority"
Assortment confirmation list with names 260618_1.xlsx,Names,45,J45,Crystal - Pure Light Green Onyx,Grey / Taupe,Honed,Honed,,x,,"assortment option; not SKU, stock, lifecycle or Merch priority"
Assortment confirmation list with names 260618_1.xlsx,Names,48,M48,Travertino Classico,Travertino Classico Block 55,Structured matt,Structured matt,,x,Vintage and organic structured matte,"assortment option; not SKU, stock, lifecycle or Merch priority"
Assortment confirmation list with names 260618_1.xlsx,Names,48,N48,Travertino Classico,Travertino Classico Block 55,Structured Honed,Structured Honed,,x,Vintage and organic structured matte,"assortment option; not SKU, stock, lifecycle or Merch priority"
Assortment confirmation list with names 260618_1.xlsx,Names,49,M49,,Travertine Titanium,Structured matt,Structured matt,,x,Vintage and organic structured matte,"assortment option; not SKU, stock, lifecycle or Merch priority"
Assortment confirmation list with names 260618_1.xlsx,Names,49,N49,,Travertine Titanium,Structured Honed,Structured Honed,,x,Vintage and organic structured matte,"assortment option; not SKU, stock, lifecycle or Merch priority"
Assortment confirmation list with names 260618_1.xlsx,Names,52,M52,,Pietra Serena,Structured matt,Structured matt,,x,Organic matte,"assortment option; not SKU, stock, lifecycle or Merch priority"
Assortment confirmation list with names 260618_1.xlsx,Names,52,N52,,Pietra Serena,Structured Honed,Structured Honed,,x,Organic matte,"assortment option; not SKU, stock, lifecycle or Merch priority"
Assortment confirmation list with names 260618_1.xlsx,Names,53,M53,,Pietra Serena,Structured matt,Structured matt,,x,Organic matte,"assortment option; not SKU, stock, lifecycle or Merch priority"
Assortment confirmation list with names 260618_1.xlsx,Names,53,N53,,Pietra Serena,Structured Honed,Structured Honed,,x,Organic matte,"assortment option; not SKU, stock, lifecycle or Merch priority"
Assortment confirmation list with names 260618_1.xlsx,Names,54,M54,,Pietra Serena,Structured matt,Structured matt,,x,Organic matte,"assortment option; not SKU, stock, lifecycle or Merch priority"
Assortment confirmation list with names 260618_1.xlsx,Names,54,N54,,Pietra Serena,Structured Honed,Structured Honed,,x,Organic matte,"assortment option; not SKU, stock, lifecycle or Merch priority"
Assortment confirmation list with names 260618_1.xlsx,Names,55,M55,,Pietra Serena,Structured matt,Structured matt,,x,,"assortment option; not SKU, stock, lifecycle or Merch priority"
Assortment confirmation list with names 260618_1.xlsx,Names,55,N55,,Pietra Serena,Structured Honed,Structured Honed,,x,,"assortment option; not SKU, stock, lifecycle or Merch priority"
Assortment confirmation list with names 260618_1.xlsx,Names,56,M56,,Halila Limestone (warm grey),Structured matt,Structured matt,,x,Vintage and organic structured matte,"assortment option; not SKU, stock, lifecycle or Merch priority"
Assortment confirmation list with names 260618_1.xlsx,Names,56,N56,,Halila Limestone (warm grey),Structured Honed,Structured Honed,,x,Vintage and organic structured matte,"assortment option; not SKU, stock, lifecycle or Merch priority"
Assortment confirmation list with names 260618_1.xlsx,Names,57,M57,,Halila Limestone (warm grey),Structured matt,Structured matt,,x,Vintage and organic structured matte,"assortment option; not SKU, stock, lifecycle or Merch priority"
Assortment confirmation list with names 260618_1.xlsx,Names,57,N57,,Halila Limestone (warm grey),Structured Honed,Structured Honed,,x,Vintage and organic structured matte,"assortment option; not SKU, stock, lifecycle or Merch priority"
Assortment confirmation list with names 260618_1.xlsx,Names,58,M58,,Halila Limestone (warm grey),Structured matt,Structured matt,,x,Vintage and organic structured matte,"assortment option; not SKU, stock, lifecycle or Merch priority"
Assortment confirmation list with names 260618_1.xlsx,Names,58,N58,,Halila Limestone (warm grey),Structured Honed,Structured Honed,,x,Vintage and organic structured matte,"assortment option; not SKU, stock, lifecycle or Merch priority"
Assortment confirmation list with names 260618_1.xlsx,Names,59,M59,,Yacht Limestone Veincut (Halila),Structured matt,Structured matt,,x,Organic matte,"assortment option; not SKU, stock, lifecycle or Merch priority"
Assortment confirmation list with names 260618_1.xlsx,Names,59,N59,,Yacht Limestone Veincut (Halila),Structured Honed,Structured Honed,,x,Organic matte,"assortment option; not SKU, stock, lifecycle or Merch priority"
Assortment confirmation list with names 260618_1.xlsx,Names,60,M60,,Yacht Limestone Veincut (Halila),Structured matt,Structured matt,,x,Organic matte,"assortment option; not SKU, stock, lifecycle or Merch priority"
Assortment confirmation list with names 260618_1.xlsx,Names,60,N60,,Yacht Limestone Veincut (Halila),Structured Honed,Structured Honed,,x,Organic matte,"assortment option; not SKU, stock, lifecycle or Merch priority"
Assortment confirmation list with names 260618_1.xlsx,Names,61,M61,,Yacht Limestone Veincut (Halila),Structured matt,Structured matt,,x,Organic matte,"assortment option; not SKU, stock, lifecycle or Merch priority"
Assortment confirmation list with names 260618_1.xlsx,Names,61,N61,,Yacht Limestone Veincut (Halila),Structured Honed,Structured Honed,,x,Organic matte,"assortment option; not SKU, stock, lifecycle or Merch priority"
Assortment confirmation list with names 260618_1.xlsx,Names,63,M63,Ceppo type stone OS-1140,2 faces confirmed,Structured matt,Structured matt,,x,Organic matte,"assortment option; not SKU, stock, lifecycle or Merch priority"
Assortment confirmation list with names 260618_1.xlsx,Names,63,N63,Ceppo type stone OS-1140,2 faces confirmed,Structured Honed,Structured Honed,,x,Organic matte,"assortment option; not SKU, stock, lifecycle or Merch priority"
Assortment confirmation list with names 260618_1.xlsx,Names,64,M64,Terrazzo OS-0949 (2 faces),1 face confirmed,Structured matt,Structured matt,,x,Organic matte,"assortment option; not SKU, stock, lifecycle or Merch priority"
Assortment confirmation list with names 260618_1.xlsx,Names,64,N64,Terrazzo OS-0949 (2 faces),1 face confirmed,Structured Honed,Structured Honed,,x,Organic matte,"assortment option; not SKU, stock, lifecycle or Merch priority"
Assortment confirmation list with names 260618_1.xlsx,Names,66,M66,Argilla Cement,Cement 1,Structured matt,Structured matt,,x,"Structured brushed
Organic Matte","assortment option; not SKU, stock, lifecycle or Merch priority"
Assortment confirmation list with names 260618_1.xlsx,Names,66,O66,Argilla Cement,Cement 1,Structured Brushed,Structured Brushed,,x,"Structured brushed
Organic Matte","assortment option; not SKU, stock, lifecycle or Merch priority"
Assortment confirmation list with names 260618_1.xlsx,Names,67,M67,,Cement 2,Structured matt,Structured matt,,x,"Structured brushed
Organic Matte","assortment option; not SKU, stock, lifecycle or Merch priority"
Assortment confirmation list with names 260618_1.xlsx,Names,67,O67,,Cement 2,Structured Brushed,Structured Brushed,,x,"Structured brushed
Organic Matte","assortment option; not SKU, stock, lifecycle or Merch priority"
Assortment confirmation list with names 260618_1.xlsx,Names,68,M68,,Cement 3,Structured matt,Structured matt,,x,"Structured brushed
Organic Matte","assortment option; not SKU, stock, lifecycle or Merch priority"
Assortment confirmation list with names 260618_1.xlsx,Names,68,O68,,Cement 3,Structured Brushed,Structured Brushed,,x,"Structured brushed
Organic Matte","assortment option; not SKU, stock, lifecycle or Merch priority"
Assortment confirmation list with names 260618_1.xlsx,Names,69,M69,,Cement 4,Structured matt,Structured matt,,x,,"assortment option; not SKU, stock, lifecycle or Merch priority"
Assortment confirmation list with names 260618_1.xlsx,Names,69,O69,,Cement 4,Structured Brushed,Structured Brushed,,x,,"assortment option; not SKU, stock, lifecycle or Merch priority"
Assortment confirmation list with names 260618_1.xlsx,Names,75,P75,Unicolor White,,Unglazed Polished,Unglazed Polished,,x,Unglazed,"assortment option; not SKU, stock, lifecycle or Merch priority"
Assortment confirmation list with names 260618_1.xlsx,Names,75,Q75,Unicolor White,,Unglazed Satin,Unglazed Satin,,x,Unglazed,"assortment option; not SKU, stock, lifecycle or Merch priority"
Assortment confirmation list with names 260618_1.xlsx,Names,76,P76,Unicolor Ivory,,Unglazed Polished,Unglazed Polished,,x,Unglazed,"assortment option; not SKU, stock, lifecycle or Merch priority"
Assortment confirmation list with names 260618_1.xlsx,Names,76,Q76,Unicolor Ivory,,Unglazed Satin,Unglazed Satin,,x,Unglazed,"assortment option; not SKU, stock, lifecycle or Merch priority"
Assortment confirmation list with names 260618_1.xlsx,Names,77,P77,Unicolor Light Grey,,Unglazed Polished,Unglazed Polished,,x,Unglazed,"assortment option; not SKU, stock, lifecycle or Merch priority"
Assortment confirmation list with names 260618_1.xlsx,Names,77,Q77,Unicolor Light Grey,,Unglazed Satin,Unglazed Satin,,x,Unglazed,"assortment option; not SKU, stock, lifecycle or Merch priority"
Assortment confirmation list with names 260618_1.xlsx,Names,78,P78,Unicolor Black,,Unglazed Polished,Unglazed Polished,,x,Unglazed,"assortment option; not SKU, stock, lifecycle or Merch priority"
Assortment confirmation list with names 260618_1.xlsx,Names,78,Q78,Unicolor Black,,Unglazed Satin,Unglazed Satin,,x,Unglazed,"assortment option; not SKU, stock, lifecycle or Merch priority"
Assortment confirmation list with names 260618_1.xlsx,12mm,3,F3,Arabescato Corchia,Arabescato Corchia Block 59,Polished,Polished,12,x,Bookmatch 2 faces,"assortment option; not SKU, stock, lifecycle or Merch priority"
Assortment confirmation list with names 260618_1.xlsx,12mm,3,H3,Arabescato Corchia,Arabescato Corchia Block 59,Honed,Honed,12,x,Bookmatch 2 faces,"assortment option; not SKU, stock, lifecycle or Merch priority"
Assortment confirmation list with names 260618_1.xlsx,12mm,4,F4,Arabescato Vagli,Arabescato Vagli Block 34,Polished,Polished,12,x,Bookmatch 2 faces,"assortment option; not SKU, stock, lifecycle or Merch priority"
Assortment confirmation list with names 260618_1.xlsx,12mm,4,H4,Arabescato Vagli,Arabescato Vagli Block 34,Honed,Honed,12,x,Bookmatch 2 faces,"assortment option; not SKU, stock, lifecycle or Merch priority"
Assortment confirmation list with names 260618_1.xlsx,12mm,4,J4,Arabescato Vagli,Arabescato Vagli Block 34,Satin,Satin,12,x,Bookmatch 2 faces,"assortment option; not SKU, stock, lifecycle or Merch priority"
Assortment confirmation list with names 260618_1.xlsx,12mm,5,F5,Statuario,Statuario Block 16,Polished,Polished,12,x,Bookmatch 2 faces,"assortment option; not SKU, stock, lifecycle or Merch priority"
Assortment confirmation list with names 260618_1.xlsx,12mm,5,H5,Statuario,Statuario Block 16,Honed,Honed,12,x,Bookmatch 2 faces,"assortment option; not SKU, stock, lifecycle or Merch priority"
Assortment confirmation list with names 260618_1.xlsx,12mm,6,F6,Statuario,Statuario Block 17,Polished,Polished,12,x,Bookmatch 2 faces,"assortment option; not SKU, stock, lifecycle or Merch priority"
Assortment confirmation list with names 260618_1.xlsx,12mm,6,H6,Statuario,Statuario Block 17,Honed,Honed,12,x,Bookmatch 2 faces,"assortment option; not SKU, stock, lifecycle or Merch priority"
Assortment confirmation list with names 260618_1.xlsx,12mm,6,J6,Statuario,Statuario Block 17,Satin,Satin,12,x,Bookmatch 2 faces,"assortment option; not SKU, stock, lifecycle or Merch priority"
Assortment confirmation list with names 260618_1.xlsx,12mm,7,F7,Bianco Gioia,Bianco Gioia Block 19,Polished,Polished,12,x,Bookmatch 2 faces,"assortment option; not SKU, stock, lifecycle or Merch priority"
Assortment confirmation list with names 260618_1.xlsx,12mm,7,H7,Bianco Gioia,Bianco Gioia Block 19,Honed,Honed,12,x,Bookmatch 2 faces,"assortment option; not SKU, stock, lifecycle or Merch priority"
Assortment confirmation list with names 260618_1.xlsx,12mm,8,F8,Montania Grey,Montagna Grey Block 11,Polished,Polished,12,x,Bookmatch 2 faces,"assortment option; not SKU, stock, lifecycle or Merch priority"
Assortment confirmation list with names 260618_1.xlsx,12mm,8,H8,Montania Grey,Montagna Grey Block 11,Honed,Honed,12,x,Bookmatch 2 faces,"assortment option; not SKU, stock, lifecycle or Merch priority"
Assortment confirmation list with names 260618_1.xlsx,12mm,8,J8,Montania Grey,Montagna Grey Block 11,Satin,Satin,12,x,Bookmatch 2 faces,"assortment option; not SKU, stock, lifecycle or Merch priority"
Assortment confirmation list with names 260618_1.xlsx,12mm,9,F9,Calacatta Corchia,Calacatta Corchia Block 43,Polished,Polished,12,x,Bookmatch 2 faces,"assortment option; not SKU, stock, lifecycle or Merch priority"
Assortment confirmation list with names 260618_1.xlsx,12mm,9,H9,Calacatta Corchia,Calacatta Corchia Block 43,Honed,Honed,12,x,Bookmatch 2 faces,"assortment option; not SKU, stock, lifecycle or Merch priority"
Assortment confirmation list with names 260618_1.xlsx,12mm,9,J9,Calacatta Corchia,Calacatta Corchia Block 43,Satin,Satin,12,x,Bookmatch 2 faces,"assortment option; not SKU, stock, lifecycle or Merch priority"
Assortment confirmation list with names 260618_1.xlsx,12mm,10,F10,Calacatta Carrera,Calacatta Carrara Block 23,Polished,Polished,12,x,Bookmatch 2 faces,"assortment option; not SKU, stock, lifecycle or Merch priority"
Assortment confirmation list with names 260618_1.xlsx,12mm,10,H10,Calacatta Carrera,Calacatta Carrara Block 23,Honed,Honed,12,x,Bookmatch 2 faces,"assortment option; not SKU, stock, lifecycle or Merch priority"
Assortment confirmation list with names 260618_1.xlsx,12mm,10,J10,Calacatta Carrera,Calacatta Carrara Block 23,Satin,Satin,12,x,Bookmatch 2 faces,"assortment option; not SKU, stock, lifecycle or Merch priority"
Assortment confirmation list with names 260618_1.xlsx,12mm,11,F11,Ariel Bianco,Ariel Bianco Block 33,Polished,Polished,12,x,Bookmatch 2 faces,"assortment option; not SKU, stock, lifecycle or Merch priority"
Assortment confirmation list with names 260618_1.xlsx,12mm,11,H11,Ariel Bianco,Ariel Bianco Block 33,Honed,Honed,12,x,Bookmatch 2 faces,"assortment option; not SKU, stock, lifecycle or Merch priority"
Assortment confirmation list with names 260618_1.xlsx,12mm,11,J11,Ariel Bianco,Ariel Bianco Block 33,Satin,Satin,12,x,Bookmatch 2 faces,"assortment option; not SKU, stock, lifecycle or Merch priority"
Assortment confirmation list with names 260618_1.xlsx,12mm,12,F12,Panda,Panda Block 22,Polished,Polished,12,x,Bookmatch 2 faces,"assortment option; not SKU, stock, lifecycle or Merch priority"
Assortment confirmation list with names 260618_1.xlsx,12mm,12,H12,Panda,Panda Block 22,Honed,Honed,12,x,Bookmatch 2 faces,"assortment option; not SKU, stock, lifecycle or Merch priority"
Assortment confirmation list with names 260618_1.xlsx,12mm,13,F13,Calacatta Paonazzo,Calacatta Oro Block 12,Polished,Polished,12,x,Bookmatch 2 faces,"assortment option; not SKU, stock, lifecycle or Merch priority"
Assortment confirmation list with names 260618_1.xlsx,12mm,13,H13,Calacatta Paonazzo,Calacatta Oro Block 12,Honed,Honed,12,x,Bookmatch 2 faces,"assortment option; not SKU, stock, lifecycle or Merch priority"
Assortment confirmation list with names 260618_1.xlsx,12mm,13,J13,Calacatta Paonazzo,Calacatta Oro Block 12,Satin,Satin,12,x,Bookmatch 2 faces,"assortment option; not SKU, stock, lifecycle or Merch priority"
Assortment confirmation list with names 260618_1.xlsx,12mm,14,F14,Calacatta Cremo,Calacatta Cremo Block 31,Polished,Polished,12,x,Bookmatch 2 faces,"assortment option; not SKU, stock, lifecycle or Merch priority"
Assortment confirmation list with names 260618_1.xlsx,12mm,14,H14,Calacatta Cremo,Calacatta Cremo Block 31,Honed,Honed,12,x,Bookmatch 2 faces,"assortment option; not SKU, stock, lifecycle or Merch priority"
Assortment confirmation list with names 260618_1.xlsx,12mm,14,J14,Calacatta Cremo,Calacatta Cremo Block 31,Satin,Satin,12,x,Bookmatch 2 faces,"assortment option; not SKU, stock, lifecycle or Merch priority"
Assortment confirmation list with names 260618_1.xlsx,12mm,15,F15,"Crystal - White Macaubas - Color adjust to white background, grey or grey/beige veins?",Bianco Stratura Block 18,Polished,Polished,12,x,Bookmatch 2 faces,"assortment option; not SKU, stock, lifecycle or Merch priority"
Assortment confirmation list with names 260618_1.xlsx,12mm,15,H15,"Crystal - White Macaubas - Color adjust to white background, grey or grey/beige veins?",Bianco Stratura Block 18,Honed,Honed,12,x,Bookmatch 2 faces,"assortment option; not SKU, stock, lifecycle or Merch priority"
Assortment confirmation list with names 260618_1.xlsx,12mm,15,J15,"Crystal - White Macaubas - Color adjust to white background, grey or grey/beige veins?",Bianco Stratura Block 18,Satin,Satin,12,x,Bookmatch 2 faces,"assortment option; not SKU, stock, lifecycle or Merch priority"
Assortment confirmation list with names 260618_1.xlsx,12mm,16,F16,Calacatta Nero Borghini GRA-0001 GRA-0001-2,Colorado Lincoln Block 81,Polished,Polished,12,x,Bookmatch 2 faces,"assortment option; not SKU, stock, lifecycle or Merch priority"
Assortment confirmation list with names 260618_1.xlsx,12mm,16,H16,Calacatta Nero Borghini GRA-0001 GRA-0001-2,Colorado Lincoln Block 81,Honed,Honed,12,x,Bookmatch 2 faces,"assortment option; not SKU, stock, lifecycle or Merch priority"
Assortment confirmation list with names 260618_1.xlsx,12mm,16,J16,Calacatta Nero Borghini GRA-0001 GRA-0001-2,Colorado Lincoln Block 81,Satin,Satin,12,x,Bookmatch 2 faces,"assortment option; not SKU, stock, lifecycle or Merch priority"
Assortment confirmation list with names 260618_1.xlsx,12mm,17,F17,Fusion White,Fusion White Block 27,Polished,Polished,12,x,Bookmatch 2 faces,"assortment option; not SKU, stock, lifecycle or Merch priority"
Assortment confirmation list with names 260618_1.xlsx,12mm,17,H17,Fusion White,Fusion White Block 27,Honed,Honed,12,x,Bookmatch 2 faces,"assortment option; not SKU, stock, lifecycle or Merch priority"
Assortment confirmation list with names 260618_1.xlsx,12mm,18,F18,Gemma Bronze,Gemma Bronze Block 45,Polished,Polished,12,x,Bookmatch 2 faces,"assortment option; not SKU, stock, lifecycle or Merch priority"
Assortment confirmation list with names 260618_1.xlsx,12mm,18,H18,Gemma Bronze,Gemma Bronze Block 45,Honed,Honed,12,x,Bookmatch 2 faces,"assortment option; not SKU, stock, lifecycle or Merch priority"
Assortment confirmation list with names 260618_1.xlsx,12mm,19,F19,Calacatta Picasso,Calacatta Picasso Block 32,Polished,Polished,12,x,Bookmatch 2 faces,"assortment option; not SKU, stock, lifecycle or Merch priority"
Assortment confirmation list with names 260618_1.xlsx,12mm,19,H19,Calacatta Picasso,Calacatta Picasso Block 32,Honed,Honed,12,x,Bookmatch 2 faces,"assortment option; not SKU, stock, lifecycle or Merch priority"
Assortment confirmation list with names 260618_1.xlsx,12mm,20,F20,Calacatta Viola,Calacatta Viola Block 41,Polished,Polished,12,x,Bookmatch 2 faces,"assortment option; not SKU, stock, lifecycle or Merch priority"
Assortment confirmation list with names 260618_1.xlsx,12mm,20,H20,Calacatta Viola,Calacatta Viola Block 41,Honed,Honed,12,x,Bookmatch 2 faces,"assortment option; not SKU, stock, lifecycle or Merch priority"
Assortment confirmation list with names 260618_1.xlsx,12mm,21,F21,Calacatta Borghini,Calacatta Borghini Block 48,Polished,Polished,12,x,Bookmatch 2 faces,"assortment option; not SKU, stock, lifecycle or Merch priority"
Assortment confirmation list with names 260618_1.xlsx,12mm,21,H21,Calacatta Borghini,Calacatta Borghini Block 48,Honed,Honed,12,x,Bookmatch 2 faces,"assortment option; not SKU, stock, lifecycle or Merch priority"
Assortment confirmation list with names 260618_1.xlsx,12mm,21,J21,Calacatta Borghini,Calacatta Borghini Block 48,Satin,Satin,12,x,Bookmatch 2 faces,"assortment option; not SKU, stock, lifecycle or Merch priority"
Assortment confirmation list with names 260618_1.xlsx,12mm,23,F23,Cristallo,Cristallo Block 13,Polished,Polished,12,x,Bookmatch 2 faces,"assortment option; not SKU, stock, lifecycle or Merch priority"
Assortment confirmation list with names 260618_1.xlsx,12mm,23,H23,Cristallo,Cristallo Block 13,Honed,Honed,12,x,Bookmatch 2 faces,"assortment option; not SKU, stock, lifecycle or Merch priority"
Assortment confirmation list with names 260618_1.xlsx,12mm,23,J23,Cristallo,Cristallo Block 13,Satin,Satin,12,x,Bookmatch 2 faces,"assortment option; not SKU, stock, lifecycle or Merch priority"
Assortment confirmation list with names 260618_1.xlsx,12mm,24,F24,Taj Mahal,Taj Mahal Block 36,Polished,Polished,12,x,Bookmatch 2 faces,"assortment option; not SKU, stock, lifecycle or Merch priority"
Assortment confirmation list with names 260618_1.xlsx,12mm,24,H24,Taj Mahal,Taj Mahal Block 36,Honed,Honed,12,x,Bookmatch 2 faces,"assortment option; not SKU, stock, lifecycle or Merch priority"
Assortment confirmation list with names 260618_1.xlsx,12mm,24,J24,Taj Mahal,Taj Mahal Block 36,Satin,Satin,12,x,Bookmatch 2 faces,"assortment option; not SKU, stock, lifecycle or Merch priority"
Assortment confirmation list with names 260618_1.xlsx,12mm,25,F25,Atlantic Ocean,Atlantic Ocean Block 24,Polished,Polished,12,x,Bookmatch 2 faces,"assortment option; not SKU, stock, lifecycle or Merch priority"
Assortment confirmation list with names 260618_1.xlsx,12mm,25,H25,Atlantic Ocean,Atlantic Ocean Block 24,Honed,Honed,12,x,Bookmatch 2 faces,"assortment option; not SKU, stock, lifecycle or Merch priority"
Assortment confirmation list with names 260618_1.xlsx,12mm,25,J25,Atlantic Ocean,Atlantic Ocean Block 24,Satin,Satin,12,x,Bookmatch 2 faces,"assortment option; not SKU, stock, lifecycle or Merch priority"
Assortment confirmation list with names 260618_1.xlsx,12mm,26,F26,Marina White,Marina White Block 46,Polished,Polished,12,x,Bookmatch 2 faces,"assortment option; not SKU, stock, lifecycle or Merch priority"
Assortment confirmation list with names 260618_1.xlsx,12mm,26,H26,Marina White,Marina White Block 46,Honed,Honed,12,x,Bookmatch 2 faces,"assortment option; not SKU, stock, lifecycle or Merch priority"
Assortment confirmation list with names 260618_1.xlsx,12mm,27,F27,Super White,Super White Block 28,Polished,Polished,12,x,Bookmatch 2 faces,"assortment option; not SKU, stock, lifecycle or Merch priority"
Assortment confirmation list with names 260618_1.xlsx,12mm,27,H27,Super White,Super White Block 28,Honed,Honed,12,x,Bookmatch 2 faces,"assortment option; not SKU, stock, lifecycle or Merch priority"
Assortment confirmation list with names 260618_1.xlsx,12mm,28,H28,Grigio Quarzo,Grigio Quarzo Block 21,Honed,Honed,12,x,Bookmatch 2 faces,"assortment option; not SKU, stock, lifecycle or Merch priority"
Assortment confirmation list with names 260618_1.xlsx,12mm,30,F30,Crystal - French Vanilla,French Vanilla Block 35,Polished,Polished,12,x,Bookmatch 2 faces,"assortment option; not SKU, stock, lifecycle or Merch priority"
Assortment confirmation list with names 260618_1.xlsx,12mm,30,H30,Crystal - French Vanilla,French Vanilla Block 35,Honed,Honed,12,x,Bookmatch 2 faces,"assortment option; not SKU, stock, lifecycle or Merch priority"
Assortment confirmation list with names 260618_1.xlsx,12mm,30,J30,Crystal - French Vanilla,French Vanilla Block 35,Satin,Satin,12,x,Bookmatch 2 faces,"assortment option; not SKU, stock, lifecycle or Merch priority"
Assortment confirmation list with names 260618_1.xlsx,12mm,31,F31,Pietra Imperiale (grey version),Forge Eleganza Block 20,Polished,Polished,12,x,Bookmatch 2 faces,"assortment option; not SKU, stock, lifecycle or Merch priority"
Assortment confirmation list with names 260618_1.xlsx,12mm,31,H31,Pietra Imperiale (grey version),Forge Eleganza Block 20,Honed,Honed,12,x,Bookmatch 2 faces,"assortment option; not SKU, stock, lifecycle or Merch priority"
Assortment confirmation list with names 260618_1.xlsx,12mm,31,J31,Pietra Imperiale (grey version),Forge Eleganza Block 20,Satin,Satin,12,x,Bookmatch 2 faces,"assortment option; not SKU, stock, lifecycle or Merch priority"
Assortment confirmation list with names 260618_1.xlsx,12mm,32,F32,Montagnia Jade,Montagna Jade Block 14,Polished,Polished,12,x,Bookmatch 2 faces,"assortment option; not SKU, stock, lifecycle or Merch priority"
Assortment confirmation list with names 260618_1.xlsx,12mm,32,H32,Montagnia Jade,Montagna Jade Block 14,Honed,Honed,12,x,Bookmatch 2 faces,"assortment option; not SKU, stock, lifecycle or Merch priority"
Assortment confirmation list with names 260618_1.xlsx,12mm,33,F33,Verdi Alpi,Verdi Alpi Block 57,Polished,Polished,12,x,Bookmatch 2 faces,"assortment option; not SKU, stock, lifecycle or Merch priority"
Assortment confirmation list with names 260618_1.xlsx,12mm,33,H33,Verdi Alpi,Verdi Alpi Block 57,Honed,Honed,12,x,Bookmatch 2 faces,"assortment option; not SKU, stock, lifecycle or Merch priority"
Assortment confirmation list with names 260618_1.xlsx,12mm,34,F34,Elazıg Cherry,Tuscano Burgundy,Polished,Polished,12,x,Bookmatch 2 faces,"assortment option; not SKU, stock, lifecycle or Merch priority"
Assortment confirmation list with names 260618_1.xlsx,12mm,35,F35,Foresta Vecchia,Macchia Vecchia Block 42,Polished,Polished,12,x,Bookmatch 2 faces,"assortment option; not SKU, stock, lifecycle or Merch priority"
Assortment confirmation list with names 260618_1.xlsx,12mm,35,H35,Foresta Vecchia,Macchia Vecchia Block 42,Honed,Honed,12,x,Bookmatch 2 faces,"assortment option; not SKU, stock, lifecycle or Merch priority"
Assortment confirmation list with names 260618_1.xlsx,12mm,36,F36,Foresta,Foresta Block 56,Polished,Polished,12,x,Bookmatch 2 faces,"assortment option; not SKU, stock, lifecycle or Merch priority"
Assortment confirmation list with names 260618_1.xlsx,12mm,36,H36,Foresta,Foresta Block 56,Honed,Honed,12,x,Bookmatch 2 faces,"assortment option; not SKU, stock, lifecycle or Merch priority"
Assortment confirmation list with names 260618_1.xlsx,12mm,37,F37,Pietra Imperiale,Pietra Imperiale Block 30,Polished,Polished,12,x,Bookmatch 2 faces,"assortment option; not SKU, stock, lifecycle or Merch priority"
Assortment confirmation list with names 260618_1.xlsx,12mm,37,H37,Pietra Imperiale,Pietra Imperiale Block 30,Honed,Honed,12,x,Bookmatch 2 faces,"assortment option; not SKU, stock, lifecycle or Merch priority"
Assortment confirmation list with names 260618_1.xlsx,12mm,37,J37,Pietra Imperiale,Pietra Imperiale Block 30,Satin,Satin,12,x,Bookmatch 2 faces,"assortment option; not SKU, stock, lifecycle or Merch priority"
Assortment confirmation list with names 260618_1.xlsx,12mm,38,F38,Oro Noir,Oro Noir Block 25,Polished,Polished,12,x,Bookmatch 2 faces,"assortment option; not SKU, stock, lifecycle or Merch priority"
Assortment confirmation list with names 260618_1.xlsx,12mm,38,H38,Oro Noir,Oro Noir Block 25,Honed,Honed,12,x,Bookmatch 2 faces,"assortment option; not SKU, stock, lifecycle or Merch priority"
Assortment confirmation list with names 260618_1.xlsx,12mm,39,F39,Bianco Dior,Bianco Dior Block 38,Polished,Polished,12,x,Bookmatch 2 faces,"assortment option; not SKU, stock, lifecycle or Merch priority"
Assortment confirmation list with names 260618_1.xlsx,12mm,39,H39,Bianco Dior,Bianco Dior Block 38,Honed,Honed,12,x,Bookmatch 2 faces,"assortment option; not SKU, stock, lifecycle or Merch priority"
Assortment confirmation list with names 260618_1.xlsx,12mm,40,F40,Sahara Noir,Sahara Noir Block 15,Polished,Polished,12,x,Bookmatch 2 faces,"assortment option; not SKU, stock, lifecycle or Merch priority"
Assortment confirmation list with names 260618_1.xlsx,12mm,40,H40,Sahara Noir,Sahara Noir Block 15,Honed,Honed,12,x,Bookmatch 2 faces,"assortment option; not SKU, stock, lifecycle or Merch priority"
Assortment confirmation list with names 260618_1.xlsx,12mm,41,F41,Armani Noir,Armani Noir Block 17,Polished,Polished,12,x,Bookmatch 2 faces,"assortment option; not SKU, stock, lifecycle or Merch priority"
Assortment confirmation list with names 260618_1.xlsx,12mm,41,H41,Armani Noir,Armani Noir Block 17,Honed,Honed,12,x,Bookmatch 2 faces,"assortment option; not SKU, stock, lifecycle or Merch priority"
Assortment confirmation list with names 260618_1.xlsx,12mm,42,F42,Calacatta Noir,Calacatta Noir Block 34,Polished,Polished,12,x,Bookmatch 2 faces,"assortment option; not SKU, stock, lifecycle or Merch priority"
Assortment confirmation list with names 260618_1.xlsx,12mm,42,H42,Calacatta Noir,Calacatta Noir Block 34,Honed,Honed,12,x,Bookmatch 2 faces,"assortment option; not SKU, stock, lifecycle or Merch priority"
Assortment confirmation list with names 260618_1.xlsx,12mm,42,J42,Calacatta Noir,Calacatta Noir Block 34,Satin,Satin,12,x,Bookmatch 2 faces,"assortment option; not SKU, stock, lifecycle or Merch priority"
Assortment confirmation list with names 260618_1.xlsx,12mm,43,F43,Nero Marquina Extra,Nero Marquina Block 26,Polished,Polished,12,x,Bookmatch 2 faces,"assortment option; not SKU, stock, lifecycle or Merch priority"
Assortment confirmation list with names 260618_1.xlsx,12mm,43,H43,Nero Marquina Extra,Nero Marquina Block 26,Honed,Honed,12,x,Bookmatch 2 faces,"assortment option; not SKU, stock, lifecycle or Merch priority"
Assortment confirmation list with names 260618_1.xlsx,12mm,43,J43,Nero Marquina Extra,Nero Marquina Block 26,Satin,Satin,12,x,Bookmatch 2 faces,"assortment option; not SKU, stock, lifecycle or Merch priority"
Assortment confirmation list with names 260618_1.xlsx,12mm,45,F45,Crystal - White Onyx,Crystal Bianco Block 50,Polished,Polished,12,x,Bookmatch 2 faces,"assortment option; not SKU, stock, lifecycle or Merch priority"
Assortment confirmation list with names 260618_1.xlsx,12mm,45,H45,Crystal - White Onyx,Crystal Bianco Block 50,Honed,Honed,12,x,Bookmatch 2 faces,"assortment option; not SKU, stock, lifecycle or Merch priority"
Assortment confirmation list with names 260618_1.xlsx,12mm,46,F46,Crystal - Pure Light Green Onyx,Onyx Halo Block 44,Polished,Polished,12,x,Bookmatch 2 faces,"assortment option; not SKU, stock, lifecycle or Merch priority"
Assortment confirmation list with names 260618_1.xlsx,12mm,46,H46,Crystal - Pure Light Green Onyx,Onyx Halo Block 44,Honed,Honed,12,x,Bookmatch 2 faces,"assortment option; not SKU, stock, lifecycle or Merch priority"
Assortment confirmation list with names 260618_1.xlsx,12mm,48,I48,Travertino Classico,Travertino Classico Block 55,,Structured Honed,12,x,Bookmatch 2 faces,"assortment option; not SKU, stock, lifecycle or Merch priority"
Assortment confirmation list with names 260618_1.xlsx,12mm,48,L48,Travertino Classico,Travertino Classico Block 55,Organic Matte,Structured matt,12,x,Bookmatch 2 faces,"assortment option; not SKU, stock, lifecycle or Merch priority"
Assortment confirmation list with names 260618_1.xlsx,12mm,48,N48,Travertino Classico,Travertino Classico Block 55,Grained,Structured matt,12,x,Bookmatch 2 faces,"assortment option; not SKU, stock, lifecycle or Merch priority"
Assortment confirmation list with names 260618_1.xlsx,12mm,49,I49,Travertine Titanium,Travertino Titanium Block 39,,Structured Honed,12,x,Bookmatch 2 faces,"assortment option; not SKU, stock, lifecycle or Merch priority"
Assortment confirmation list with names 260618_1.xlsx,12mm,49,L49,Travertine Titanium,Travertino Titanium Block 39,Organic Matte,Structured matt,12,x,Bookmatch 2 faces,"assortment option; not SKU, stock, lifecycle or Merch priority"
Assortment confirmation list with names 260618_1.xlsx,12mm,49,N49,Travertine Titanium,Travertino Titanium Block 39,Grained,Structured matt,12,x,Bookmatch 2 faces,"assortment option; not SKU, stock, lifecycle or Merch priority"
Assortment confirmation list with names 260618_1.xlsx,12mm,51,I51,Pietra Serena Dark Grey,Serena Flint,,Structured Honed,12,x,Random 2 faces,"assortment option; not SKU, stock, lifecycle or Merch priority"
Assortment confirmation list with names 260618_1.xlsx,12mm,51,L51,Pietra Serena Dark Grey,Serena Flint,Organic Matte,Structured matt,12,x,Random 2 faces,"assortment option; not SKU, stock, lifecycle or Merch priority"
Assortment confirmation list with names 260618_1.xlsx,12mm,52,I52,Pietra Serena Warm Grey,Serena Crater,,Structured Honed,12,x,Random 2 faces,"assortment option; not SKU, stock, lifecycle or Merch priority"
Assortment confirmation list with names 260618_1.xlsx,12mm,52,L52,Pietra Serena Warm Grey,Serena Crater,Organic Matte,Structured matt,12,x,Random 2 faces,"assortment option; not SKU, stock, lifecycle or Merch priority"
Assortment confirmation list with names 260618_1.xlsx,12mm,53,I53,Pietra Serena Light Grey,Serena Shale,,Structured Honed,12,x,Random 2 faces,"assortment option; not SKU, stock, lifecycle or Merch priority"
Assortment confirmation list with names 260618_1.xlsx,12mm,53,L53,Pietra Serena Light Grey,Serena Shale,Organic Matte,Structured matt,12,x,Random 2 faces,"assortment option; not SKU, stock, lifecycle or Merch priority"
Assortment confirmation list with names 260618_1.xlsx,12mm,54,I54,Halila Limestone Crosscut ivory,Lithoform Dunes - Crosscut,,Structured Honed,12,x,Random 2 faces,"assortment option; not SKU, stock, lifecycle or Merch priority"
Assortment confirmation list with names 260618_1.xlsx,12mm,54,L54,Halila Limestone Crosscut ivory,Lithoform Dunes - Crosscut,Organic Matte,Structured matt,12,x,Random 2 faces,"assortment option; not SKU, stock, lifecycle or Merch priority"
Assortment confirmation list with names 260618_1.xlsx,12mm,54,M54,Halila Limestone Crosscut ivory,Lithoform Dunes - Crosscut,Vintage,Structured matt,12,x,Random 2 faces,"assortment option; not SKU, stock, lifecycle or Merch priority"
Assortment confirmation list with names 260618_1.xlsx,12mm,55,I55,Halila Limestone Crosscut Beige,Lithoform Coast - Crosscut,,Structured Honed,12,x,Random 2 faces,"assortment option; not SKU, stock, lifecycle or Merch priority"
Assortment confirmation list with names 260618_1.xlsx,12mm,55,L55,Halila Limestone Crosscut Beige,Lithoform Coast - Crosscut,Organic Matte,Structured matt,12,x,Random 2 faces,"assortment option; not SKU, stock, lifecycle or Merch priority"
Assortment confirmation list with names 260618_1.xlsx,12mm,55,M55,Halila Limestone Crosscut Beige,Lithoform Coast - Crosscut,Vintage,Structured matt,12,x,Random 2 faces,"assortment option; not SKU, stock, lifecycle or Merch priority"
Assortment confirmation list with names 260618_1.xlsx,12mm,56,I56,Halila Limestone Crosscut Grey,Lithoform Vista - Crosscut,,Structured Honed,12,x,Random 2 faces,"assortment option; not SKU, stock, lifecycle or Merch priority"
Assortment confirmation list with names 260618_1.xlsx,12mm,56,L56,Halila Limestone Crosscut Grey,Lithoform Vista - Crosscut,Organic Matte,Structured matt,12,x,Random 2 faces,"assortment option; not SKU, stock, lifecycle or Merch priority"
Assortment confirmation list with names 260618_1.xlsx,12mm,56,M56,Halila Limestone Crosscut Grey,Lithoform Vista - Crosscut,Vintage,Structured matt,12,x,Random 2 faces,"assortment option; not SKU, stock, lifecycle or Merch priority"
Assortment confirmation list with names 260618_1.xlsx,12mm,57,I57,Halila Limestone Viencut ivory,Lithoform Dunes - Veincut,,Structured Honed,12,x,Random 2 faces,"assortment option; not SKU, stock, lifecycle or Merch priority"
Assortment confirmation list with names 260618_1.xlsx,12mm,57,L57,Halila Limestone Viencut ivory,Lithoform Dunes - Veincut,Organic Matte,Structured matt,12,x,Random 2 faces,"assortment option; not SKU, stock, lifecycle or Merch priority"
Assortment confirmation list with names 260618_1.xlsx,12mm,58,I58,Halila Limestone Viencut Beige,Lithoform Coast - Veincut,,Structured Honed,12,x,Random 2 faces,"assortment option; not SKU, stock, lifecycle or Merch priority"
Assortment confirmation list with names 260618_1.xlsx,12mm,58,L58,Halila Limestone Viencut Beige,Lithoform Coast - Veincut,Organic Matte,Structured matt,12,x,Random 2 faces,"assortment option; not SKU, stock, lifecycle or Merch priority"
Assortment confirmation list with names 260618_1.xlsx,12mm,59,I59,Halila Limestone Viencut Grey,Lithoform Vista - Veincut,,Structured Honed,12,x,Random 2 faces,"assortment option; not SKU, stock, lifecycle or Merch priority"
Assortment confirmation list with names 260618_1.xlsx,12mm,59,L59,Halila Limestone Viencut Grey,Lithoform Vista - Veincut,Organic Matte,Structured matt,12,x,Random 2 faces,"assortment option; not SKU, stock, lifecycle or Merch priority"
Assortment confirmation list with names 260618_1.xlsx,12mm,61,I61,Ceppo type stone OS-1140,Ceppo di Gre Block 71,,Structured Honed,12,x,Bookmatch 2 faces,"assortment option; not SKU, stock, lifecycle or Merch priority"
Assortment confirmation list with names 260618_1.xlsx,12mm,61,L61,Ceppo type stone OS-1140,Ceppo di Gre Block 71,Organic Matte,Structured matt,12,x,Bookmatch 2 faces,"assortment option; not SKU, stock, lifecycle or Merch priority"
Assortment confirmation list with names 260618_1.xlsx,12mm,62,I62,Terrazzo OS-0949 (2 faces),Terrazzo Delicato Block 40,,Structured Honed,12,x,Random 2 faces,"assortment option; not SKU, stock, lifecycle or Merch priority"
Assortment confirmation list with names 260618_1.xlsx,12mm,62,L62,Terrazzo OS-0949 (2 faces),Terrazzo Delicato Block 40,Organic Matte,Structured matt,12,x,Random 2 faces,"assortment option; not SKU, stock, lifecycle or Merch priority"
Assortment confirmation list with names 260618_1.xlsx,12mm,64,L64,Argilla Cement Warm Grey,Publica Thunder,Organic Matte,Structured matt,12,x,Random 2 faces,"assortment option; not SKU, stock, lifecycle or Merch priority"
Assortment confirmation list with names 260618_1.xlsx,12mm,64,O64,Argilla Cement Warm Grey,Publica Thunder,Patinated,Structured Brushed,12,x,Random 2 faces,"assortment option; not SKU, stock, lifecycle or Merch priority"
Assortment confirmation list with names 260618_1.xlsx,12mm,65,L65,Argilla Cement Ivory,Publica Horizon,Organic Matte,Structured matt,12,x,Random 2 faces,"assortment option; not SKU, stock, lifecycle or Merch priority"
Assortment confirmation list with names 260618_1.xlsx,12mm,65,O65,Argilla Cement Ivory,Publica Horizon,Patinated,Structured Brushed,12,x,Random 2 faces,"assortment option; not SKU, stock, lifecycle or Merch priority"
Assortment confirmation list with names 260618_1.xlsx,12mm,66,L66,Argilla Cement beige,Publica Terrain,Organic Matte,Structured matt,12,x,Random 2 faces,"assortment option; not SKU, stock, lifecycle or Merch priority"
Assortment confirmation list with names 260618_1.xlsx,12mm,66,O66,Argilla Cement beige,Publica Terrain,Patinated,Structured Brushed,12,x,Random 2 faces,"assortment option; not SKU, stock, lifecycle or Merch priority"
Assortment confirmation list with names 260618_1.xlsx,12mm,68,G68,Unicolor White (Unglazed),Monoforma Moonlight,,Unglazed Polished,12,x,Unglazed,"assortment option; not SKU, stock, lifecycle or Merch priority"
Assortment confirmation list with names 260618_1.xlsx,12mm,68,K68,Unicolor White (Unglazed),Monoforma Moonlight,Silk,Structured matt,12,x,Unglazed,"assortment option; not SKU, stock, lifecycle or Merch priority"
Assortment confirmation list with names 260618_1.xlsx,12mm,69,G69,Unicolor Ivory (Unglazed),Monoforma Oasis,,Unglazed Polished,12,x,Unglazed,"assortment option; not SKU, stock, lifecycle or Merch priority"
Assortment confirmation list with names 260618_1.xlsx,12mm,69,K69,Unicolor Ivory (Unglazed),Monoforma Oasis,Silk,Structured matt,12,x,Unglazed,"assortment option; not SKU, stock, lifecycle or Merch priority"
Assortment confirmation list with names 260618_1.xlsx,12mm,70,G70,Unicolor Light Grey (Unglazed),Monoforma Storm,,Unglazed Polished,12,x,Unglazed,"assortment option; not SKU, stock, lifecycle or Merch priority"
Assortment confirmation list with names 260618_1.xlsx,12mm,70,K70,Unicolor Light Grey (Unglazed),Monoforma Storm,Silk,Structured matt,12,x,Unglazed,"assortment option; not SKU, stock, lifecycle or Merch priority"
Assortment confirmation list with names 260618_1.xlsx,12mm,71,G71,Unicolor Black (Unglazed),Monoforma Silhouette,,Unglazed Polished,12,x,Unglazed,"assortment option; not SKU, stock, lifecycle or Merch priority"
Assortment confirmation list with names 260618_1.xlsx,12mm,71,K71,Unicolor Black (Unglazed),Monoforma Silhouette,Silk,Structured matt,12,x,Unglazed,"assortment option; not SKU, stock, lifecycle or Merch priority"
Assortment confirmation list with names 260618_1.xlsx,6mm,3,F3,Arabescato Corchia,Arabescato Corchia Block 59,Polished,Polished,6,x,Random 8 faces,"assortment option; not SKU, stock, lifecycle or Merch priority"
Assortment confirmation list with names 260618_1.xlsx,6mm,3,H3,Arabescato Corchia,Arabescato Corchia Block 59,Honed,Honed,6,x,Random 8 faces,"assortment option; not SKU, stock, lifecycle or Merch priority"
Assortment confirmation list with names 260618_1.xlsx,6mm,4,F4,Arabescato Vagli,Arabescato Vagli Block 34,Polished,Polished,6,x,Bookmatch 2 faces,"assortment option; not SKU, stock, lifecycle or Merch priority"
Assortment confirmation list with names 260618_1.xlsx,6mm,4,H4,Arabescato Vagli,Arabescato Vagli Block 34,Honed,Honed,6,x,Bookmatch 2 faces,"assortment option; not SKU, stock, lifecycle or Merch priority"
Assortment confirmation list with names 260618_1.xlsx,6mm,5,F5,Statuario,Statuario Block 16,Polished,Polished,6,x,Bookmatch 2 faces,"assortment option; not SKU, stock, lifecycle or Merch priority"
Assortment confirmation list with names 260618_1.xlsx,6mm,5,H5,Statuario,Statuario Block 16,Honed,Honed,6,x,Bookmatch 2 faces,"assortment option; not SKU, stock, lifecycle or Merch priority"
Assortment confirmation list with names 260618_1.xlsx,6mm,6,F6,Statuario,Statuario Block 17,Polished,Polished,6,x,Bookmatch 2 faces,"assortment option; not SKU, stock, lifecycle or Merch priority"
Assortment confirmation list with names 260618_1.xlsx,6mm,6,H6,Statuario,Statuario Block 17,Honed,Honed,6,x,Bookmatch 2 faces,"assortment option; not SKU, stock, lifecycle or Merch priority"
Assortment confirmation list with names 260618_1.xlsx,6mm,7,F7,Bianco Gioia,Bianco Gioia Block 19,Polished,Polished,6,x,Random 8 faces,"assortment option; not SKU, stock, lifecycle or Merch priority"
Assortment confirmation list with names 260618_1.xlsx,6mm,7,H7,Bianco Gioia,Bianco Gioia Block 19,Honed,Honed,6,x,Random 8 faces,"assortment option; not SKU, stock, lifecycle or Merch priority"
Assortment confirmation list with names 260618_1.xlsx,6mm,8,F8,Montania Grey,Montagna Grey Block 11,Polished,Polished,6,x,Bookmatch 2 faces,"assortment option; not SKU, stock, lifecycle or Merch priority"
Assortment confirmation list with names 260618_1.xlsx,6mm,8,H8,Montania Grey,Montagna Grey Block 11,Honed,Honed,6,x,Bookmatch 2 faces,"assortment option; not SKU, stock, lifecycle or Merch priority"
Assortment confirmation list with names 260618_1.xlsx,6mm,9,F9,Calacatta Corchia,Calacatta Corchia Block 43,Polished,Polished,6,x,Random 8 faces,"assortment option; not SKU, stock, lifecycle or Merch priority"
Assortment confirmation list with names 260618_1.xlsx,6mm,9,H9,Calacatta Corchia,Calacatta Corchia Block 43,Honed,Honed,6,x,Random 8 faces,"assortment option; not SKU, stock, lifecycle or Merch priority"
Assortment confirmation list with names 260618_1.xlsx,6mm,10,F10,Calacatta Carrera,Calacatta Carrara Block 23,Polished,Polished,6,x,Bookmatch 2 faces,"assortment option; not SKU, stock, lifecycle or Merch priority"
Assortment confirmation list with names 260618_1.xlsx,6mm,10,H10,Calacatta Carrera,Calacatta Carrara Block 23,Honed,Honed,6,x,Bookmatch 2 faces,"assortment option; not SKU, stock, lifecycle or Merch priority"
Assortment confirmation list with names 260618_1.xlsx,6mm,11,F11,Ariel Bianco,Ariel Bianco Block 33,Polished,Polished,6,x,Random 8 faces,"assortment option; not SKU, stock, lifecycle or Merch priority"
Assortment confirmation list with names 260618_1.xlsx,6mm,11,H11,Ariel Bianco,Ariel Bianco Block 33,Honed,Honed,6,x,Random 8 faces,"assortment option; not SKU, stock, lifecycle or Merch priority"
Assortment confirmation list with names 260618_1.xlsx,6mm,12,F12,Panda,Panda Block 22,Polished,Polished,6,x,Bookmatch 2 faces,"assortment option; not SKU, stock, lifecycle or Merch priority"
Assortment confirmation list with names 260618_1.xlsx,6mm,12,H12,Panda,Panda Block 22,Honed,Honed,6,x,Bookmatch 2 faces,"assortment option; not SKU, stock, lifecycle or Merch priority"
Assortment confirmation list with names 260618_1.xlsx,6mm,13,F13,Calacatta Paonazzo,Calacatta Oro Block 12,Polished,Polished,6,x,Random 8 faces,"assortment option; not SKU, stock, lifecycle or Merch priority"
Assortment confirmation list with names 260618_1.xlsx,6mm,13,H13,Calacatta Paonazzo,Calacatta Oro Block 12,Honed,Honed,6,x,Random 8 faces,"assortment option; not SKU, stock, lifecycle or Merch priority"
Assortment confirmation list with names 260618_1.xlsx,6mm,14,F14,Calacatta Cremo,Calacatta Cremo Block 31,Polished,Polished,6,x,Random 8 faces,"assortment option; not SKU, stock, lifecycle or Merch priority"
Assortment confirmation list with names 260618_1.xlsx,6mm,14,H14,Calacatta Cremo,Calacatta Cremo Block 31,Honed,Honed,6,x,Random 8 faces,"assortment option; not SKU, stock, lifecycle or Merch priority"
Assortment confirmation list with names 260618_1.xlsx,6mm,15,F15,"Crystal - White Macaubas - Color adjust to white background, grey or grey/beige veins?",Bianco Stratura Block 18,Polished,Polished,6,x,Random 6 faces,"assortment option; not SKU, stock, lifecycle or Merch priority"
Assortment confirmation list with names 260618_1.xlsx,6mm,15,H15,"Crystal - White Macaubas - Color adjust to white background, grey or grey/beige veins?",Bianco Stratura Block 18,Honed,Honed,6,x,Random 6 faces,"assortment option; not SKU, stock, lifecycle or Merch priority"
Assortment confirmation list with names 260618_1.xlsx,6mm,16,F16,Calacatta Nero Borghini GRA-0001 GRA-0001-2,Colorado Lincoln Block 81,Polished,Polished,6,x,Bookmatch 2 faces,"assortment option; not SKU, stock, lifecycle or Merch priority"
Assortment confirmation list with names 260618_1.xlsx,6mm,16,H16,Calacatta Nero Borghini GRA-0001 GRA-0001-2,Colorado Lincoln Block 81,Honed,Honed,6,x,Bookmatch 2 faces,"assortment option; not SKU, stock, lifecycle or Merch priority"
Assortment confirmation list with names 260618_1.xlsx,6mm,17,F17,Fusion White,Fusion White Block 27,Polished,Polished,6,x,Bookmatch 2 faces,"assortment option; not SKU, stock, lifecycle or Merch priority"
Assortment confirmation list with names 260618_1.xlsx,6mm,17,H17,Fusion White,Fusion White Block 27,Honed,Honed,6,x,Bookmatch 2 faces,"assortment option; not SKU, stock, lifecycle or Merch priority"
Assortment confirmation list with names 260618_1.xlsx,6mm,18,F18,Gemma Bronze,Gemma Bronze Block 45,Polished,Polished,6,x,Bookmatch 2 faces,"assortment option; not SKU, stock, lifecycle or Merch priority"
Assortment confirmation list with names 260618_1.xlsx,6mm,18,H18,Gemma Bronze,Gemma Bronze Block 45,Honed,Honed,6,x,Bookmatch 2 faces,"assortment option; not SKU, stock, lifecycle or Merch priority"
Assortment confirmation list with names 260618_1.xlsx,6mm,19,F19,Calacatta Picasso,Calacatta Picasso Block 32,Polished,Polished,6,x,Bookmatch 2 faces,"assortment option; not SKU, stock, lifecycle or Merch priority"
Assortment confirmation list with names 260618_1.xlsx,6mm,19,H19,Calacatta Picasso,Calacatta Picasso Block 32,Honed,Honed,6,x,Bookmatch 2 faces,"assortment option; not SKU, stock, lifecycle or Merch priority"
Assortment confirmation list with names 260618_1.xlsx,6mm,20,F20,Calacatta Viola,Calacatta Viola Block 41,Polished,Polished,6,x,Bookmatch 2 faces,"assortment option; not SKU, stock, lifecycle or Merch priority"
Assortment confirmation list with names 260618_1.xlsx,6mm,20,H20,Calacatta Viola,Calacatta Viola Block 41,Honed,Honed,6,x,Bookmatch 2 faces,"assortment option; not SKU, stock, lifecycle or Merch priority"
Assortment confirmation list with names 260618_1.xlsx,6mm,21,F21,Calacatta Borghini,Calacatta Borghini Block 48,Polished,Polished,6,x,Random 8 faces,"assortment option; not SKU, stock, lifecycle or Merch priority"
Assortment confirmation list with names 260618_1.xlsx,6mm,21,H21,Calacatta Borghini,Calacatta Borghini Block 48,Honed,Honed,6,x,Random 8 faces,"assortment option; not SKU, stock, lifecycle or Merch priority"
Assortment confirmation list with names 260618_1.xlsx,6mm,23,F23,Cristallo,Cristallo Block 13,Polished,Polished,6,x,Bookmatch 2 faces,"assortment option; not SKU, stock, lifecycle or Merch priority"
Assortment confirmation list with names 260618_1.xlsx,6mm,23,H23,Cristallo,Cristallo Block 13,Honed,Honed,6,x,Bookmatch 2 faces,"assortment option; not SKU, stock, lifecycle or Merch priority"
Assortment confirmation list with names 260618_1.xlsx,6mm,24,F24,Taj Mahal,Taj Mahal Block 36,Polished,Polished,6,x,Random 8 faces,"assortment option; not SKU, stock, lifecycle or Merch priority"
Assortment confirmation list with names 260618_1.xlsx,6mm,24,H24,Taj Mahal,Taj Mahal Block 36,Honed,Honed,6,x,Random 8 faces,"assortment option; not SKU, stock, lifecycle or Merch priority"
Assortment confirmation list with names 260618_1.xlsx,6mm,25,F25,Atlantic Ocean,Atlantic Ocean Block 24,Polished,Polished,6,x,Random 8 faces,"assortment option; not SKU, stock, lifecycle or Merch priority"
Assortment confirmation list with names 260618_1.xlsx,6mm,25,H25,Atlantic Ocean,Atlantic Ocean Block 24,Honed,Honed,6,x,Random 8 faces,"assortment option; not SKU, stock, lifecycle or Merch priority"
Assortment confirmation list with names 260618_1.xlsx,6mm,26,F26,Marina White,Marina White Block 46,Polished,Polished,6,x,Bookmatch 2 faces,"assortment option; not SKU, stock, lifecycle or Merch priority"
Assortment confirmation list with names 260618_1.xlsx,6mm,26,H26,Marina White,Marina White Block 46,Honed,Honed,6,x,Bookmatch 2 faces,"assortment option; not SKU, stock, lifecycle or Merch priority"
Assortment confirmation list with names 260618_1.xlsx,6mm,27,F27,Super White,Super White Block 28,Polished,Polished,6,x,Bookmatch 2 faces,"assortment option; not SKU, stock, lifecycle or Merch priority"
Assortment confirmation list with names 260618_1.xlsx,6mm,27,H27,Super White,Super White Block 28,Honed,Honed,6,x,Bookmatch 2 faces,"assortment option; not SKU, stock, lifecycle or Merch priority"
Assortment confirmation list with names 260618_1.xlsx,6mm,28,H28,Grigio Quarzo,Grigio Quarzo Block 21,Honed,Honed,6,x,Bookmatch 2 faces,"assortment option; not SKU, stock, lifecycle or Merch priority"
Assortment confirmation list with names 260618_1.xlsx,6mm,30,F30,Crystal - French Vanilla,French Vanilla Block 35,Polished,Polished,6,x,Random 8 faces,"assortment option; not SKU, stock, lifecycle or Merch priority"
Assortment confirmation list with names 260618_1.xlsx,6mm,30,H30,Crystal - French Vanilla,French Vanilla Block 35,Honed,Honed,6,x,Random 8 faces,"assortment option; not SKU, stock, lifecycle or Merch priority"
Assortment confirmation list with names 260618_1.xlsx,6mm,31,F31,Pietra Imperiale (grey version),Forge Eleganza Block 20,Polished,Polished,6,x,Random 8 faces,"assortment option; not SKU, stock, lifecycle or Merch priority"
Assortment confirmation list with names 260618_1.xlsx,6mm,31,H31,Pietra Imperiale (grey version),Forge Eleganza Block 20,Honed,Honed,6,x,Random 8 faces,"assortment option; not SKU, stock, lifecycle or Merch priority"
Assortment confirmation list with names 260618_1.xlsx,6mm,32,F32,Montagnia Jade,Montagna Jade Block 14,Polished,Polished,6,x,Bookmatch 2 faces,"assortment option; not SKU, stock, lifecycle or Merch priority"
Assortment confirmation list with names 260618_1.xlsx,6mm,32,H32,Montagnia Jade,Montagna Jade Block 14,Honed,Honed,6,x,Bookmatch 2 faces,"assortment option; not SKU, stock, lifecycle or Merch priority"
Assortment confirmation list with names 260618_1.xlsx,6mm,33,F33,Verdi Alpi,Verdi Alpi Block 57,Polished,Polished,6,x,Random 8 faces,"assortment option; not SKU, stock, lifecycle or Merch priority"
Assortment confirmation list with names 260618_1.xlsx,6mm,33,H33,Verdi Alpi,Verdi Alpi Block 57,Honed,Honed,6,x,Random 8 faces,"assortment option; not SKU, stock, lifecycle or Merch priority"
Assortment confirmation list with names 260618_1.xlsx,6mm,34,F34,Elazıg Cherry,Tuscano Burgundy,Polished,Polished,6,x,Bookmatch 2 faces,"assortment option; not SKU, stock, lifecycle or Merch priority"
Assortment confirmation list with names 260618_1.xlsx,6mm,35,F35,Foresta Vecchia,Macchia Vecchia Block 42,Polished,Polished,6,x,Bookmatch 2 faces,"assortment option; not SKU, stock, lifecycle or Merch priority"
Assortment confirmation list with names 260618_1.xlsx,6mm,35,H35,Foresta Vecchia,Macchia Vecchia Block 42,Honed,Honed,6,x,Bookmatch 2 faces,"assortment option; not SKU, stock, lifecycle or Merch priority"
Assortment confirmation list with names 260618_1.xlsx,6mm,36,F36,Foresta,Foresta Block 56,Polished,Polished,6,x,Random 8 faces,"assortment option; not SKU, stock, lifecycle or Merch priority"
Assortment confirmation list with names 260618_1.xlsx,6mm,36,H36,Foresta,Foresta Block 56,Honed,Honed,6,x,Random 8 faces,"assortment option; not SKU, stock, lifecycle or Merch priority"
Assortment confirmation list with names 260618_1.xlsx,6mm,37,F37,Pietra Imperiale,Pietra Imperiale Block 30,Polished,Polished,6,x,Random 8 faces,"assortment option; not SKU, stock, lifecycle or Merch priority"
Assortment confirmation list with names 260618_1.xlsx,6mm,37,H37,Pietra Imperiale,Pietra Imperiale Block 30,Honed,Honed,6,x,Random 8 faces,"assortment option; not SKU, stock, lifecycle or Merch priority"
Assortment confirmation list with names 260618_1.xlsx,6mm,38,F38,Oro Noir,Oro Noir Block 25,Polished,Polished,6,x,Bookmatch 2 faces,"assortment option; not SKU, stock, lifecycle or Merch priority"
Assortment confirmation list with names 260618_1.xlsx,6mm,38,H38,Oro Noir,Oro Noir Block 25,Honed,Honed,6,x,Bookmatch 2 faces,"assortment option; not SKU, stock, lifecycle or Merch priority"
Assortment confirmation list with names 260618_1.xlsx,6mm,39,F39,Bianco Dior,Bianco Dior Block 38,Polished,Polished,6,x,Bookmatch 2 faces,"assortment option; not SKU, stock, lifecycle or Merch priority"
Assortment confirmation list with names 260618_1.xlsx,6mm,39,H39,Bianco Dior,Bianco Dior Block 38,Honed,Honed,6,x,Bookmatch 2 faces,"assortment option; not SKU, stock, lifecycle or Merch priority"
Assortment confirmation list with names 260618_1.xlsx,6mm,40,F40,Sahara Noir,Sahara Noir Block 15,Polished,Polished,6,x,Random 6 faces,"assortment option; not SKU, stock, lifecycle or Merch priority"
Assortment confirmation list with names 260618_1.xlsx,6mm,40,H40,Sahara Noir,Sahara Noir Block 15,Honed,Honed,6,x,Random 6 faces,"assortment option; not SKU, stock, lifecycle or Merch priority"
Assortment confirmation list with names 260618_1.xlsx,6mm,41,F41,Armani Noir,Armani Noir Block 17,Polished,Polished,6,x,Bookmatch 2 faces,"assortment option; not SKU, stock, lifecycle or Merch priority"
Assortment confirmation list with names 260618_1.xlsx,6mm,41,H41,Armani Noir,Armani Noir Block 17,Honed,Honed,6,x,Bookmatch 2 faces,"assortment option; not SKU, stock, lifecycle or Merch priority"
Assortment confirmation list with names 260618_1.xlsx,6mm,42,F42,Calacatta Noir,Calacatta Noir Block 34,Polished,Polished,6,x,Random 8 faces,"assortment option; not SKU, stock, lifecycle or Merch priority"
Assortment confirmation list with names 260618_1.xlsx,6mm,42,H42,Calacatta Noir,Calacatta Noir Block 34,Honed,Honed,6,x,Random 8 faces,"assortment option; not SKU, stock, lifecycle or Merch priority"
Assortment confirmation list with names 260618_1.xlsx,6mm,43,F43,Nero Marquina Extra,Nero Marquina Block 26,Polished,Polished,6,x,Bookmatch 2 faces,"assortment option; not SKU, stock, lifecycle or Merch priority"
Assortment confirmation list with names 260618_1.xlsx,6mm,43,H43,Nero Marquina Extra,Nero Marquina Block 26,Honed,Honed,6,x,Bookmatch 2 faces,"assortment option; not SKU, stock, lifecycle or Merch priority"
Assortment confirmation list with names 260618_1.xlsx,6mm,45,F45,Crystal - White Onyx,Crystal Bianco Block 50,Polished,Polished,6,x,Random 8 faces,"assortment option; not SKU, stock, lifecycle or Merch priority"
Assortment confirmation list with names 260618_1.xlsx,6mm,45,H45,Crystal - White Onyx,Crystal Bianco Block 50,Honed,Honed,6,x,Random 8 faces,"assortment option; not SKU, stock, lifecycle or Merch priority"
Assortment confirmation list with names 260618_1.xlsx,6mm,46,F46,Crystal - Pure Light Green Onyx,Onyx Halo Block 44,Polished,Polished,6,x,Random 8 faces,"assortment option; not SKU, stock, lifecycle or Merch priority"
Assortment confirmation list with names 260618_1.xlsx,6mm,46,H46,Crystal - Pure Light Green Onyx,Onyx Halo Block 44,Honed,Honed,6,x,Random 8 faces,"assortment option; not SKU, stock, lifecycle or Merch priority"
Assortment confirmation list with names 260618_1.xlsx,6mm,48,I48,Travertino Classico,Travertino Classico Block 55,,Structured Honed,6,x,Random 6 faces,"assortment option; not SKU, stock, lifecycle or Merch priority"
Assortment confirmation list with names 260618_1.xlsx,6mm,48,L48,Travertino Classico,Travertino Classico Block 55,Organic Matte,Structured matt,6,x,Random 6 faces,"assortment option; not SKU, stock, lifecycle or Merch priority"
Assortment confirmation list with names 260618_1.xlsx,6mm,48,N48,Travertino Classico,Travertino Classico Block 55,Grained,Structured matt,6,x,Random 6 faces,"assortment option; not SKU, stock, lifecycle or Merch priority"
Assortment confirmation list with names 260618_1.xlsx,6mm,49,I49,Travertine Titanium,Travertino Titanium Block 39,,Structured Honed,6,x,Random 6 faces,"assortment option; not SKU, stock, lifecycle or Merch priority"
Assortment confirmation list with names 260618_1.xlsx,6mm,49,L49,Travertine Titanium,Travertino Titanium Block 39,Organic Matte,Structured matt,6,x,Random 6 faces,"assortment option; not SKU, stock, lifecycle or Merch priority"
Assortment confirmation list with names 260618_1.xlsx,6mm,49,N49,Travertine Titanium,Travertino Titanium Block 39,Grained,Structured matt,6,x,Random 6 faces,"assortment option; not SKU, stock, lifecycle or Merch priority"
Assortment confirmation list with names 260618_1.xlsx,6mm,51,I51,Pietra Serena Dark Grey,Serena Flint,,Structured Honed,6,x,Random 8 faces,"assortment option; not SKU, stock, lifecycle or Merch priority"
Assortment confirmation list with names 260618_1.xlsx,6mm,51,L51,Pietra Serena Dark Grey,Serena Flint,Organic Matte,Structured matt,6,x,Random 8 faces,"assortment option; not SKU, stock, lifecycle or Merch priority"
Assortment confirmation list with names 260618_1.xlsx,6mm,52,I52,Pietra Serena Warm Grey,Serena Crater,,Structured Honed,6,x,Random 8 faces,"assortment option; not SKU, stock, lifecycle or Merch priority"
Assortment confirmation list with names 260618_1.xlsx,6mm,52,L52,Pietra Serena Warm Grey,Serena Crater,Organic Matte,Structured matt,6,x,Random 8 faces,"assortment option; not SKU, stock, lifecycle or Merch priority"
Assortment confirmation list with names 260618_1.xlsx,6mm,53,I53,Pietra Serena Light Grey,Serena Shale,,Structured Honed,6,x,Random 8 faces,"assortment option; not SKU, stock, lifecycle or Merch priority"
Assortment confirmation list with names 260618_1.xlsx,6mm,53,L53,Pietra Serena Light Grey,Serena Shale,Organic Matte,Structured matt,6,x,Random 8 faces,"assortment option; not SKU, stock, lifecycle or Merch priority"
Assortment confirmation list with names 260618_1.xlsx,6mm,54,I54,Halila Limestone Crosscut ivory,Lithoform Dunes - Crosscut,,Structured Honed,6,x,Random 8 faces,"assortment option; not SKU, stock, lifecycle or Merch priority"
Assortment confirmation list with names 260618_1.xlsx,6mm,54,L54,Halila Limestone Crosscut ivory,Lithoform Dunes - Crosscut,Organic Matte,Structured matt,6,x,Random 8 faces,"assortment option; not SKU, stock, lifecycle or Merch priority"
Assortment confirmation list with names 260618_1.xlsx,6mm,54,M54,Halila Limestone Crosscut ivory,Lithoform Dunes - Crosscut,Vintage,Structured matt,6,x,Random 8 faces,"assortment option; not SKU, stock, lifecycle or Merch priority"
Assortment confirmation list with names 260618_1.xlsx,6mm,55,I55,Halila Limestone Crosscut Beige,Lithoform Coast - Crosscut,,Structured Honed,6,x,Random 8 faces,"assortment option; not SKU, stock, lifecycle or Merch priority"
Assortment confirmation list with names 260618_1.xlsx,6mm,55,L55,Halila Limestone Crosscut Beige,Lithoform Coast - Crosscut,Organic Matte,Structured matt,6,x,Random 8 faces,"assortment option; not SKU, stock, lifecycle or Merch priority"
Assortment confirmation list with names 260618_1.xlsx,6mm,55,M55,Halila Limestone Crosscut Beige,Lithoform Coast - Crosscut,Vintage,Structured matt,6,x,Random 8 faces,"assortment option; not SKU, stock, lifecycle or Merch priority"
Assortment confirmation list with names 260618_1.xlsx,6mm,56,I56,Halila Limestone Crosscut Grey,Lithoform Vista - Crosscut,,Structured Honed,6,x,Random 8 faces,"assortment option; not SKU, stock, lifecycle or Merch priority"
Assortment confirmation list with names 260618_1.xlsx,6mm,56,L56,Halila Limestone Crosscut Grey,Lithoform Vista - Crosscut,Organic Matte,Structured matt,6,x,Random 8 faces,"assortment option; not SKU, stock, lifecycle or Merch priority"
Assortment confirmation list with names 260618_1.xlsx,6mm,56,M56,Halila Limestone Crosscut Grey,Lithoform Vista - Crosscut,Vintage,Structured matt,6,x,Random 8 faces,"assortment option; not SKU, stock, lifecycle or Merch priority"
Assortment confirmation list with names 260618_1.xlsx,6mm,57,I57,Halila Limestone Viencut ivory,Lithoform Dunes - Veincut,,Structured Honed,6,x,Random 6 faces,"assortment option; not SKU, stock, lifecycle or Merch priority"
Assortment confirmation list with names 260618_1.xlsx,6mm,57,L57,Halila Limestone Viencut ivory,Lithoform Dunes - Veincut,Organic Matte,Structured matt,6,x,Random 6 faces,"assortment option; not SKU, stock, lifecycle or Merch priority"
Assortment confirmation list with names 260618_1.xlsx,6mm,58,I58,Halila Limestone Viencut Beige,Lithoform Coast - Veincut,,Structured Honed,6,x,Random 6 faces,"assortment option; not SKU, stock, lifecycle or Merch priority"
Assortment confirmation list with names 260618_1.xlsx,6mm,58,L58,Halila Limestone Viencut Beige,Lithoform Coast - Veincut,Organic Matte,Structured matt,6,x,Random 6 faces,"assortment option; not SKU, stock, lifecycle or Merch priority"
Assortment confirmation list with names 260618_1.xlsx,6mm,59,I59,Halila Limestone Viencut Grey,Lithoform Vista - Veincut,,Structured Honed,6,x,Random 6 faces,"assortment option; not SKU, stock, lifecycle or Merch priority"
Assortment confirmation list with names 260618_1.xlsx,6mm,59,L59,Halila Limestone Viencut Grey,Lithoform Vista - Veincut,Organic Matte,Structured matt,6,x,Random 6 faces,"assortment option; not SKU, stock, lifecycle or Merch priority"
Assortment confirmation list with names 260618_1.xlsx,6mm,61,I61,Ceppo type stone OS-1140,Ceppo di Gre Block 71,,Structured Honed,6,x,Random 8 faces,"assortment option; not SKU, stock, lifecycle or Merch priority"
Assortment confirmation list with names 260618_1.xlsx,6mm,61,L61,Ceppo type stone OS-1140,Ceppo di Gre Block 71,Organic Matte,Structured matt,6,x,Random 8 faces,"assortment option; not SKU, stock, lifecycle or Merch priority"
Assortment confirmation list with names 260618_1.xlsx,6mm,63,L63,Argilla Cement Warm Grey,Publica Thunder,Organic Matte,Structured matt,6,x,Random 8 faces,"assortment option; not SKU, stock, lifecycle or Merch priority"
Assortment confirmation list with names 260618_1.xlsx,6mm,63,O63,Argilla Cement Warm Grey,Publica Thunder,Patinated,Structured Brushed,6,x,Random 8 faces,"assortment option; not SKU, stock, lifecycle or Merch priority"
Assortment confirmation list with names 260618_1.xlsx,6mm,64,L64,Argilla Cement Ivory,Publica Horizon,Organic Matte,Structured matt,6,x,Random 8 faces,"assortment option; not SKU, stock, lifecycle or Merch priority"
Assortment confirmation list with names 260618_1.xlsx,6mm,64,O64,Argilla Cement Ivory,Publica Horizon,Patinated,Structured Brushed,6,x,Random 8 faces,"assortment option; not SKU, stock, lifecycle or Merch priority"
Assortment confirmation list with names 260618_1.xlsx,6mm,65,L65,Argilla Cement beige,Publica Terrain,Organic Matte,Structured matt,6,x,Random 8 faces,"assortment option; not SKU, stock, lifecycle or Merch priority"
Assortment confirmation list with names 260618_1.xlsx,6mm,65,O65,Argilla Cement beige,Publica Terrain,Patinated,Structured Brushed,6,x,Random 8 faces,"assortment option; not SKU, stock, lifecycle or Merch priority"
Assortment confirmation list with names 260618_1.xlsx,6mm,67,G67,Unicolor White (Unglazed),Monoforma Moonlight,,Unglazed Polished,6,x,Unglazed,"assortment option; not SKU, stock, lifecycle or Merch priority"
Assortment confirmation list with names 260618_1.xlsx,6mm,67,K67,Unicolor White (Unglazed),Monoforma Moonlight,Silk,Structured matt,6,x,Unglazed,"assortment option; not SKU, stock, lifecycle or Merch priority"
Assortment confirmation list with names 260618_1.xlsx,6mm,68,G68,Unicolor Ivory (Unglazed),Monoforma Oasis,,Unglazed Polished,6,x,Unglazed,"assortment option; not SKU, stock, lifecycle or Merch priority"
Assortment confirmation list with names 260618_1.xlsx,6mm,68,K68,Unicolor Ivory (Unglazed),Monoforma Oasis,Silk,Structured matt,6,x,Unglazed,"assortment option; not SKU, stock, lifecycle or Merch priority"
Assortment confirmation list with names 260618_1.xlsx,6mm,69,G69,Unicolor Light Grey (Unglazed),Monoforma Storm,,Unglazed Polished,6,x,Unglazed,"assortment option; not SKU, stock, lifecycle or Merch priority"
Assortment confirmation list with names 260618_1.xlsx,6mm,69,K69,Unicolor Light Grey (Unglazed),Monoforma Storm,Silk,Structured matt,6,x,Unglazed,"assortment option; not SKU, stock, lifecycle or Merch priority"
Assortment confirmation list with names 260618_1.xlsx,6mm,70,G70,Unicolor Black (Unglazed),Monoforma Silhouette,,Unglazed Polished,6,x,Unglazed,"assortment option; not SKU, stock, lifecycle or Merch priority"
Assortment confirmation list with names 260618_1.xlsx,6mm,70,K70,Unicolor Black (Unglazed),Monoforma Silhouette,Silk,Structured matt,6,x,Unglazed,"assortment option; not SKU, stock, lifecycle or Merch priority"
Assortment confirmation list with names 260618_1.xlsx,Subsize,3,F3,Arabescato Corchia,Arabescato Corchia Block 59,Polished,Polished,,298x598,Random 10 faces,"assortment option; not SKU, stock, lifecycle or Merch priority"
Assortment confirmation list with names 260618_1.xlsx,Subsize,3,F3,Arabescato Corchia,Arabescato Corchia Block 59,Polished,Polished,,598x598,Random 10 faces,"assortment option; not SKU, stock, lifecycle or Merch priority"
Assortment confirmation list with names 260618_1.xlsx,Subsize,3,F3,Arabescato Corchia,Arabescato Corchia Block 59,Polished,Polished,,598x1198,Random 10 faces,"assortment option; not SKU, stock, lifecycle or Merch priority"
Assortment confirmation list with names 260618_1.xlsx,Subsize,3,F3,Arabescato Corchia,Arabescato Corchia Block 59,Polished,Polished,,1198x1198,Random 10 faces,"assortment option; not SKU, stock, lifecycle or Merch priority"
Assortment confirmation list with names 260618_1.xlsx,Subsize,3,F3,Arabescato Corchia,Arabescato Corchia Block 59,Polished,Polished,,898x898,Random 10 faces,"assortment option; not SKU, stock, lifecycle or Merch priority"
Assortment confirmation list with names 260618_1.xlsx,Subsize,3,F3,Arabescato Corchia,Arabescato Corchia Block 59,Polished,Polished,,1198x2798,Random 10 faces,"assortment option; not SKU, stock, lifecycle or Merch priority"
Assortment confirmation list with names 260618_1.xlsx,Subsize,3,H3,Arabescato Corchia,Arabescato Corchia Block 59,Honed,Honed,,298x598,Random 10 faces,"assortment option; not SKU, stock, lifecycle or Merch priority"
Assortment confirmation list with names 260618_1.xlsx,Subsize,3,H3,Arabescato Corchia,Arabescato Corchia Block 59,Honed,Honed,,598x598,Random 10 faces,"assortment option; not SKU, stock, lifecycle or Merch priority"
Assortment confirmation list with names 260618_1.xlsx,Subsize,3,H3,Arabescato Corchia,Arabescato Corchia Block 59,Honed,Honed,,598x1198,Random 10 faces,"assortment option; not SKU, stock, lifecycle or Merch priority"
Assortment confirmation list with names 260618_1.xlsx,Subsize,3,H3,Arabescato Corchia,Arabescato Corchia Block 59,Honed,Honed,,1198x1198,Random 10 faces,"assortment option; not SKU, stock, lifecycle or Merch priority"
Assortment confirmation list with names 260618_1.xlsx,Subsize,3,H3,Arabescato Corchia,Arabescato Corchia Block 59,Honed,Honed,,898x898,Random 10 faces,"assortment option; not SKU, stock, lifecycle or Merch priority"
Assortment confirmation list with names 260618_1.xlsx,Subsize,3,H3,Arabescato Corchia,Arabescato Corchia Block 59,Honed,Honed,,1198x2798,Random 10 faces,"assortment option; not SKU, stock, lifecycle or Merch priority"
Assortment confirmation list with names 260618_1.xlsx,Subsize,3,H3,Arabescato Corchia,Arabescato Corchia Block 59,Honed,Honed,,2 inch Hexagon,Random 10 faces,"assortment option; not SKU, stock, lifecycle or Merch priority"
Assortment confirmation list with names 260618_1.xlsx,Subsize,4,F4,Statuario,Statuario Block 16,Polished,Polished,,298x598,Random 10 faces,"assortment option; not SKU, stock, lifecycle or Merch priority"
Assortment confirmation list with names 260618_1.xlsx,Subsize,4,F4,Statuario,Statuario Block 16,Polished,Polished,,598x598,Random 10 faces,"assortment option; not SKU, stock, lifecycle or Merch priority"
Assortment confirmation list with names 260618_1.xlsx,Subsize,4,F4,Statuario,Statuario Block 16,Polished,Polished,,598x1198,Random 10 faces,"assortment option; not SKU, stock, lifecycle or Merch priority"
Assortment confirmation list with names 260618_1.xlsx,Subsize,4,F4,Statuario,Statuario Block 16,Polished,Polished,,1198x1198,Random 10 faces,"assortment option; not SKU, stock, lifecycle or Merch priority"
Assortment confirmation list with names 260618_1.xlsx,Subsize,4,F4,Statuario,Statuario Block 16,Polished,Polished,,898x898,Random 10 faces,"assortment option; not SKU, stock, lifecycle or Merch priority"
Assortment confirmation list with names 260618_1.xlsx,Subsize,4,F4,Statuario,Statuario Block 16,Polished,Polished,,1198x2798,Random 10 faces,"assortment option; not SKU, stock, lifecycle or Merch priority"
Assortment confirmation list with names 260618_1.xlsx,Subsize,4,H4,Statuario,Statuario Block 16,Honed,Honed,,298x598,Random 10 faces,"assortment option; not SKU, stock, lifecycle or Merch priority"
Assortment confirmation list with names 260618_1.xlsx,Subsize,4,H4,Statuario,Statuario Block 16,Honed,Honed,,598x598,Random 10 faces,"assortment option; not SKU, stock, lifecycle or Merch priority"
Assortment confirmation list with names 260618_1.xlsx,Subsize,4,H4,Statuario,Statuario Block 16,Honed,Honed,,598x1198,Random 10 faces,"assortment option; not SKU, stock, lifecycle or Merch priority"
Assortment confirmation list with names 260618_1.xlsx,Subsize,4,H4,Statuario,Statuario Block 16,Honed,Honed,,1198x1198,Random 10 faces,"assortment option; not SKU, stock, lifecycle or Merch priority"
Assortment confirmation list with names 260618_1.xlsx,Subsize,4,H4,Statuario,Statuario Block 16,Honed,Honed,,898x898,Random 10 faces,"assortment option; not SKU, stock, lifecycle or Merch priority"
Assortment confirmation list with names 260618_1.xlsx,Subsize,4,H4,Statuario,Statuario Block 16,Honed,Honed,,1198x2798,Random 10 faces,"assortment option; not SKU, stock, lifecycle or Merch priority"
Assortment confirmation list with names 260618_1.xlsx,Subsize,4,O4,Statuario,Statuario Block 16,Vintage,Structured matt,,298x598,Random 10 faces,"assortment option; not SKU, stock, lifecycle or Merch priority"
Assortment confirmation list with names 260618_1.xlsx,Subsize,4,O4,Statuario,Statuario Block 16,Vintage,Structured matt,,598x598,Random 10 faces,"assortment option; not SKU, stock, lifecycle or Merch priority"
Assortment confirmation list with names 260618_1.xlsx,Subsize,4,O4,Statuario,Statuario Block 16,Vintage,Structured matt,,598x1198,Random 10 faces,"assortment option; not SKU, stock, lifecycle or Merch priority"
Assortment confirmation list with names 260618_1.xlsx,Subsize,4,O4,Statuario,Statuario Block 16,Vintage,Structured matt,,2 inch Hexagon,Random 10 faces,"assortment option; not SKU, stock, lifecycle or Merch priority"
Assortment confirmation list with names 260618_1.xlsx,Subsize,5,F5,Bianco Gioia,Bianco Gioia Block 19,Polished,Polished,,298x598,Random 10 faces,"assortment option; not SKU, stock, lifecycle or Merch priority"
Assortment confirmation list with names 260618_1.xlsx,Subsize,5,F5,Bianco Gioia,Bianco Gioia Block 19,Polished,Polished,,598x598,Random 10 faces,"assortment option; not SKU, stock, lifecycle or Merch priority"
Assortment confirmation list with names 260618_1.xlsx,Subsize,5,F5,Bianco Gioia,Bianco Gioia Block 19,Polished,Polished,,598x1198,Random 10 faces,"assortment option; not SKU, stock, lifecycle or Merch priority"
Assortment confirmation list with names 260618_1.xlsx,Subsize,5,F5,Bianco Gioia,Bianco Gioia Block 19,Polished,Polished,,1198x1198,Random 10 faces,"assortment option; not SKU, stock, lifecycle or Merch priority"
Assortment confirmation list with names 260618_1.xlsx,Subsize,5,F5,Bianco Gioia,Bianco Gioia Block 19,Polished,Polished,,898x898,Random 10 faces,"assortment option; not SKU, stock, lifecycle or Merch priority"
Assortment confirmation list with names 260618_1.xlsx,Subsize,5,F5,Bianco Gioia,Bianco Gioia Block 19,Polished,Polished,,1198x2798,Random 10 faces,"assortment option; not SKU, stock, lifecycle or Merch priority"
Assortment confirmation list with names 260618_1.xlsx,Subsize,5,H5,Bianco Gioia,Bianco Gioia Block 19,Honed,Honed,,298x598,Random 10 faces,"assortment option; not SKU, stock, lifecycle or Merch priority"
Assortment confirmation list with names 260618_1.xlsx,Subsize,5,H5,Bianco Gioia,Bianco Gioia Block 19,Honed,Honed,,598x598,Random 10 faces,"assortment option; not SKU, stock, lifecycle or Merch priority"
Assortment confirmation list with names 260618_1.xlsx,Subsize,5,H5,Bianco Gioia,Bianco Gioia Block 19,Honed,Honed,,598x1198,Random 10 faces,"assortment option; not SKU, stock, lifecycle or Merch priority"
Assortment confirmation list with names 260618_1.xlsx,Subsize,5,H5,Bianco Gioia,Bianco Gioia Block 19,Honed,Honed,,1198x1198,Random 10 faces,"assortment option; not SKU, stock, lifecycle or Merch priority"
Assortment confirmation list with names 260618_1.xlsx,Subsize,5,H5,Bianco Gioia,Bianco Gioia Block 19,Honed,Honed,,898x898,Random 10 faces,"assortment option; not SKU, stock, lifecycle or Merch priority"
Assortment confirmation list with names 260618_1.xlsx,Subsize,5,H5,Bianco Gioia,Bianco Gioia Block 19,Honed,Honed,,1198x2798,Random 10 faces,"assortment option; not SKU, stock, lifecycle or Merch priority"
Assortment confirmation list with names 260618_1.xlsx,Subsize,5,O5,Bianco Gioia,Bianco Gioia Block 19,Vintage,Structured matt,,298x598,Random 10 faces,"assortment option; not SKU, stock, lifecycle or Merch priority"
Assortment confirmation list with names 260618_1.xlsx,Subsize,5,O5,Bianco Gioia,Bianco Gioia Block 19,Vintage,Structured matt,,598x598,Random 10 faces,"assortment option; not SKU, stock, lifecycle or Merch priority"
Assortment confirmation list with names 260618_1.xlsx,Subsize,5,O5,Bianco Gioia,Bianco Gioia Block 19,Vintage,Structured matt,,598x1198,Random 10 faces,"assortment option; not SKU, stock, lifecycle or Merch priority"
Assortment confirmation list with names 260618_1.xlsx,Subsize,5,O5,Bianco Gioia,Bianco Gioia Block 19,Vintage,Structured matt,,2 inch Hexagon,Random 10 faces,"assortment option; not SKU, stock, lifecycle or Merch priority"
Assortment confirmation list with names 260618_1.xlsx,Subsize,5,R5,Bianco Gioia,Bianco Gioia Block 19,20mm,Structured matt,,60x120,Random 10 faces,"assortment option; not SKU, stock, lifecycle or Merch priority"
Assortment confirmation list with names 260618_1.xlsx,Subsize,5,R5,Bianco Gioia,Bianco Gioia Block 19,20mm,Structured matt,,90x90,Random 10 faces,"assortment option; not SKU, stock, lifecycle or Merch priority"
Assortment confirmation list with names 260618_1.xlsx,Subsize,5,R5,Bianco Gioia,Bianco Gioia Block 19,20mm,Structured matt,,Vintage,Random 10 faces,"assortment option; not SKU, stock, lifecycle or Merch priority"
Assortment confirmation list with names 260618_1.xlsx,Subsize,6,F6,Calacatta Corchia,Calacatta Corchia Block 43,Polished,Polished,,298x598,Random 10 faces,"assortment option; not SKU, stock, lifecycle or Merch priority"
Assortment confirmation list with names 260618_1.xlsx,Subsize,6,F6,Calacatta Corchia,Calacatta Corchia Block 43,Polished,Polished,,598x598,Random 10 faces,"assortment option; not SKU, stock, lifecycle or Merch priority"
Assortment confirmation list with names 260618_1.xlsx,Subsize,6,F6,Calacatta Corchia,Calacatta Corchia Block 43,Polished,Polished,,598x1198,Random 10 faces,"assortment option; not SKU, stock, lifecycle or Merch priority"
Assortment confirmation list with names 260618_1.xlsx,Subsize,6,F6,Calacatta Corchia,Calacatta Corchia Block 43,Polished,Polished,,1198x1198,Random 10 faces,"assortment option; not SKU, stock, lifecycle or Merch priority"
Assortment confirmation list with names 260618_1.xlsx,Subsize,6,F6,Calacatta Corchia,Calacatta Corchia Block 43,Polished,Polished,,898x898,Random 10 faces,"assortment option; not SKU, stock, lifecycle or Merch priority"
Assortment confirmation list with names 260618_1.xlsx,Subsize,6,F6,Calacatta Corchia,Calacatta Corchia Block 43,Polished,Polished,,1198x2798,Random 10 faces,"assortment option; not SKU, stock, lifecycle or Merch priority"
Assortment confirmation list with names 260618_1.xlsx,Subsize,6,H6,Calacatta Corchia,Calacatta Corchia Block 43,Honed,Honed,,298x598,Random 10 faces,"assortment option; not SKU, stock, lifecycle or Merch priority"
Assortment confirmation list with names 260618_1.xlsx,Subsize,6,H6,Calacatta Corchia,Calacatta Corchia Block 43,Honed,Honed,,598x598,Random 10 faces,"assortment option; not SKU, stock, lifecycle or Merch priority"
Assortment confirmation list with names 260618_1.xlsx,Subsize,6,H6,Calacatta Corchia,Calacatta Corchia Block 43,Honed,Honed,,598x1198,Random 10 faces,"assortment option; not SKU, stock, lifecycle or Merch priority"
Assortment confirmation list with names 260618_1.xlsx,Subsize,6,H6,Calacatta Corchia,Calacatta Corchia Block 43,Honed,Honed,,1198x1198,Random 10 faces,"assortment option; not SKU, stock, lifecycle or Merch priority"
Assortment confirmation list with names 260618_1.xlsx,Subsize,6,H6,Calacatta Corchia,Calacatta Corchia Block 43,Honed,Honed,,898x898,Random 10 faces,"assortment option; not SKU, stock, lifecycle or Merch priority"
Assortment confirmation list with names 260618_1.xlsx,Subsize,6,H6,Calacatta Corchia,Calacatta Corchia Block 43,Honed,Honed,,1198x2798,Random 10 faces,"assortment option; not SKU, stock, lifecycle or Merch priority"
Assortment confirmation list with names 260618_1.xlsx,Subsize,6,H6,Calacatta Corchia,Calacatta Corchia Block 43,Honed,Honed,,2 inch Hexagon,Random 10 faces,"assortment option; not SKU, stock, lifecycle or Merch priority"
Assortment confirmation list with names 260618_1.xlsx,Subsize,7,F7,Ariel Bianco,Ariel Bianco Block 33,Polished,Polished,,298x598,Random 10 faces,"assortment option; not SKU, stock, lifecycle or Merch priority"
Assortment confirmation list with names 260618_1.xlsx,Subsize,7,F7,Ariel Bianco,Ariel Bianco Block 33,Polished,Polished,,598x598,Random 10 faces,"assortment option; not SKU, stock, lifecycle or Merch priority"
Assortment confirmation list with names 260618_1.xlsx,Subsize,7,F7,Ariel Bianco,Ariel Bianco Block 33,Polished,Polished,,598x1198,Random 10 faces,"assortment option; not SKU, stock, lifecycle or Merch priority"
Assortment confirmation list with names 260618_1.xlsx,Subsize,7,F7,Ariel Bianco,Ariel Bianco Block 33,Polished,Polished,,1198x1198,Random 10 faces,"assortment option; not SKU, stock, lifecycle or Merch priority"
Assortment confirmation list with names 260618_1.xlsx,Subsize,7,F7,Ariel Bianco,Ariel Bianco Block 33,Polished,Polished,,898x898,Random 10 faces,"assortment option; not SKU, stock, lifecycle or Merch priority"
Assortment confirmation list with names 260618_1.xlsx,Subsize,7,F7,Ariel Bianco,Ariel Bianco Block 33,Polished,Polished,,1198x2798,Random 10 faces,"assortment option; not SKU, stock, lifecycle or Merch priority"
Assortment confirmation list with names 260618_1.xlsx,Subsize,7,H7,Ariel Bianco,Ariel Bianco Block 33,Honed,Honed,,298x598,Random 10 faces,"assortment option; not SKU, stock, lifecycle or Merch priority"
Assortment confirmation list with names 260618_1.xlsx,Subsize,7,H7,Ariel Bianco,Ariel Bianco Block 33,Honed,Honed,,598x598,Random 10 faces,"assortment option; not SKU, stock, lifecycle or Merch priority"
Assortment confirmation list with names 260618_1.xlsx,Subsize,7,H7,Ariel Bianco,Ariel Bianco Block 33,Honed,Honed,,598x1198,Random 10 faces,"assortment option; not SKU, stock, lifecycle or Merch priority"
Assortment confirmation list with names 260618_1.xlsx,Subsize,7,H7,Ariel Bianco,Ariel Bianco Block 33,Honed,Honed,,1198x1198,Random 10 faces,"assortment option; not SKU, stock, lifecycle or Merch priority"
Assortment confirmation list with names 260618_1.xlsx,Subsize,7,H7,Ariel Bianco,Ariel Bianco Block 33,Honed,Honed,,898x898,Random 10 faces,"assortment option; not SKU, stock, lifecycle or Merch priority"
Assortment confirmation list with names 260618_1.xlsx,Subsize,7,H7,Ariel Bianco,Ariel Bianco Block 33,Honed,Honed,,1198x2798,Random 10 faces,"assortment option; not SKU, stock, lifecycle or Merch priority"
Assortment confirmation list with names 260618_1.xlsx,Subsize,7,H7,Ariel Bianco,Ariel Bianco Block 33,Honed,Honed,,2 inch Hexagon,Random 10 faces,"assortment option; not SKU, stock, lifecycle or Merch priority"
Assortment confirmation list with names 260618_1.xlsx,Subsize,8,F8,Calacatta Paonazzo,Calacatta Oro Block 12,Polished,Polished,,298x598,Random 10 faces,"assortment option; not SKU, stock, lifecycle or Merch priority"
Assortment confirmation list with names 260618_1.xlsx,Subsize,8,F8,Calacatta Paonazzo,Calacatta Oro Block 12,Polished,Polished,,598x598,Random 10 faces,"assortment option; not SKU, stock, lifecycle or Merch priority"
Assortment confirmation list with names 260618_1.xlsx,Subsize,8,F8,Calacatta Paonazzo,Calacatta Oro Block 12,Polished,Polished,,598x1198,Random 10 faces,"assortment option; not SKU, stock, lifecycle or Merch priority"
Assortment confirmation list with names 260618_1.xlsx,Subsize,8,F8,Calacatta Paonazzo,Calacatta Oro Block 12,Polished,Polished,,1198x1198,Random 10 faces,"assortment option; not SKU, stock, lifecycle or Merch priority"
Assortment confirmation list with names 260618_1.xlsx,Subsize,8,F8,Calacatta Paonazzo,Calacatta Oro Block 12,Polished,Polished,,898x898,Random 10 faces,"assortment option; not SKU, stock, lifecycle or Merch priority"
Assortment confirmation list with names 260618_1.xlsx,Subsize,8,F8,Calacatta Paonazzo,Calacatta Oro Block 12,Polished,Polished,,1198x2798,Random 10 faces,"assortment option; not SKU, stock, lifecycle or Merch priority"
Assortment confirmation list with names 260618_1.xlsx,Subsize,8,H8,Calacatta Paonazzo,Calacatta Oro Block 12,Honed,Honed,,298x598,Random 10 faces,"assortment option; not SKU, stock, lifecycle or Merch priority"
Assortment confirmation list with names 260618_1.xlsx,Subsize,8,H8,Calacatta Paonazzo,Calacatta Oro Block 12,Honed,Honed,,598x598,Random 10 faces,"assortment option; not SKU, stock, lifecycle or Merch priority"
Assortment confirmation list with names 260618_1.xlsx,Subsize,8,H8,Calacatta Paonazzo,Calacatta Oro Block 12,Honed,Honed,,598x1198,Random 10 faces,"assortment option; not SKU, stock, lifecycle or Merch priority"
Assortment confirmation list with names 260618_1.xlsx,Subsize,8,H8,Calacatta Paonazzo,Calacatta Oro Block 12,Honed,Honed,,1198x1198,Random 10 faces,"assortment option; not SKU, stock, lifecycle or Merch priority"
Assortment confirmation list with names 260618_1.xlsx,Subsize,8,H8,Calacatta Paonazzo,Calacatta Oro Block 12,Honed,Honed,,898x898,Random 10 faces,"assortment option; not SKU, stock, lifecycle or Merch priority"
Assortment confirmation list with names 260618_1.xlsx,Subsize,8,H8,Calacatta Paonazzo,Calacatta Oro Block 12,Honed,Honed,,1198x2798,Random 10 faces,"assortment option; not SKU, stock, lifecycle or Merch priority"
Assortment confirmation list with names 260618_1.xlsx,Subsize,8,O8,Calacatta Paonazzo,Calacatta Oro Block 12,Vintage,Structured matt,,298x598,Random 10 faces,"assortment option; not SKU, stock, lifecycle or Merch priority"
Assortment confirmation list with names 260618_1.xlsx,Subsize,8,O8,Calacatta Paonazzo,Calacatta Oro Block 12,Vintage,Structured matt,,598x598,Random 10 faces,"assortment option; not SKU, stock, lifecycle or Merch priority"
Assortment confirmation list with names 260618_1.xlsx,Subsize,8,O8,Calacatta Paonazzo,Calacatta Oro Block 12,Vintage,Structured matt,,598x1198,Random 10 faces,"assortment option; not SKU, stock, lifecycle or Merch priority"
Assortment confirmation list with names 260618_1.xlsx,Subsize,8,O8,Calacatta Paonazzo,Calacatta Oro Block 12,Vintage,Structured matt,,2 inch Hexagon,Random 10 faces,"assortment option; not SKU, stock, lifecycle or Merch priority"
Assortment confirmation list with names 260618_1.xlsx,Subsize,9,F9,Calacatta Cremo,Calacatta Cremo Block 31,Polished,Polished,,298x598,Random 10 faces,"assortment option; not SKU, stock, lifecycle or Merch priority"
Assortment confirmation list with names 260618_1.xlsx,Subsize,9,F9,Calacatta Cremo,Calacatta Cremo Block 31,Polished,Polished,,598x598,Random 10 faces,"assortment option; not SKU, stock, lifecycle or Merch priority"
Assortment confirmation list with names 260618_1.xlsx,Subsize,9,F9,Calacatta Cremo,Calacatta Cremo Block 31,Polished,Polished,,598x1198,Random 10 faces,"assortment option; not SKU, stock, lifecycle or Merch priority"
Assortment confirmation list with names 260618_1.xlsx,Subsize,9,F9,Calacatta Cremo,Calacatta Cremo Block 31,Polished,Polished,,1198x1198,Random 10 faces,"assortment option; not SKU, stock, lifecycle or Merch priority"
Assortment confirmation list with names 260618_1.xlsx,Subsize,9,F9,Calacatta Cremo,Calacatta Cremo Block 31,Polished,Polished,,898x898,Random 10 faces,"assortment option; not SKU, stock, lifecycle or Merch priority"
Assortment confirmation list with names 260618_1.xlsx,Subsize,9,F9,Calacatta Cremo,Calacatta Cremo Block 31,Polished,Polished,,1198x2798,Random 10 faces,"assortment option; not SKU, stock, lifecycle or Merch priority"
Assortment confirmation list with names 260618_1.xlsx,Subsize,9,H9,Calacatta Cremo,Calacatta Cremo Block 31,Honed,Honed,,298x598,Random 10 faces,"assortment option; not SKU, stock, lifecycle or Merch priority"
Assortment confirmation list with names 260618_1.xlsx,Subsize,9,H9,Calacatta Cremo,Calacatta Cremo Block 31,Honed,Honed,,598x598,Random 10 faces,"assortment option; not SKU, stock, lifecycle or Merch priority"
Assortment confirmation list with names 260618_1.xlsx,Subsize,9,H9,Calacatta Cremo,Calacatta Cremo Block 31,Honed,Honed,,598x1198,Random 10 faces,"assortment option; not SKU, stock, lifecycle or Merch priority"
Assortment confirmation list with names 260618_1.xlsx,Subsize,9,H9,Calacatta Cremo,Calacatta Cremo Block 31,Honed,Honed,,1198x1198,Random 10 faces,"assortment option; not SKU, stock, lifecycle or Merch priority"
Assortment confirmation list with names 260618_1.xlsx,Subsize,9,H9,Calacatta Cremo,Calacatta Cremo Block 31,Honed,Honed,,898x898,Random 10 faces,"assortment option; not SKU, stock, lifecycle or Merch priority"
Assortment confirmation list with names 260618_1.xlsx,Subsize,9,H9,Calacatta Cremo,Calacatta Cremo Block 31,Honed,Honed,,1198x2798,Random 10 faces,"assortment option; not SKU, stock, lifecycle or Merch priority"
Assortment confirmation list with names 260618_1.xlsx,Subsize,9,H9,Calacatta Cremo,Calacatta Cremo Block 31,Honed,Honed,,2 inch Hexagon,Random 10 faces,"assortment option; not SKU, stock, lifecycle or Merch priority"
Assortment confirmation list with names 260618_1.xlsx,Subsize,10,F10,"Crystal - White Macaubas - Color adjust to white background, grey or grey/beige veins?",Bianco Stratura Block 18,Polished,Polished,,298x598,Random 8 faces,"assortment option; not SKU, stock, lifecycle or Merch priority"
Assortment confirmation list with names 260618_1.xlsx,Subsize,10,F10,"Crystal - White Macaubas - Color adjust to white background, grey or grey/beige veins?",Bianco Stratura Block 18,Polished,Polished,,598x1198,Random 8 faces,"assortment option; not SKU, stock, lifecycle or Merch priority"
Assortment confirmation list with names 260618_1.xlsx,Subsize,10,F10,"Crystal - White Macaubas - Color adjust to white background, grey or grey/beige veins?",Bianco Stratura Block 18,Polished,Polished,,898x1798,Random 8 faces,"assortment option; not SKU, stock, lifecycle or Merch priority"
Assortment confirmation list with names 260618_1.xlsx,Subsize,10,F10,"Crystal - White Macaubas - Color adjust to white background, grey or grey/beige veins?",Bianco Stratura Block 18,Polished,Polished,,1198x2798,Random 8 faces,"assortment option; not SKU, stock, lifecycle or Merch priority"
Assortment confirmation list with names 260618_1.xlsx,Subsize,10,H10,"Crystal - White Macaubas - Color adjust to white background, grey or grey/beige veins?",Bianco Stratura Block 18,Honed,Honed,,298x598,Random 8 faces,"assortment option; not SKU, stock, lifecycle or Merch priority"
Assortment confirmation list with names 260618_1.xlsx,Subsize,10,H10,"Crystal - White Macaubas - Color adjust to white background, grey or grey/beige veins?",Bianco Stratura Block 18,Honed,Honed,,598x1198,Random 8 faces,"assortment option; not SKU, stock, lifecycle or Merch priority"
Assortment confirmation list with names 260618_1.xlsx,Subsize,10,H10,"Crystal - White Macaubas - Color adjust to white background, grey or grey/beige veins?",Bianco Stratura Block 18,Honed,Honed,,898x1798,Random 8 faces,"assortment option; not SKU, stock, lifecycle or Merch priority"
Assortment confirmation list with names 260618_1.xlsx,Subsize,10,H10,"Crystal - White Macaubas - Color adjust to white background, grey or grey/beige veins?",Bianco Stratura Block 18,Honed,Honed,,1198x2798,Random 8 faces,"assortment option; not SKU, stock, lifecycle or Merch priority"
Assortment confirmation list with names 260618_1.xlsx,Subsize,10,H10,"Crystal - White Macaubas - Color adjust to white background, grey or grey/beige veins?",Bianco Stratura Block 18,Honed,Honed,,2 inch Hexagon,Random 8 faces,"assortment option; not SKU, stock, lifecycle or Merch priority"
Assortment confirmation list with names 260618_1.xlsx,Subsize,11,F11,Gemma Bronze,Gemma Bronze Block 45,Polished,Polished,,1198x2798,Bookmatch 2 faces,"assortment option; not SKU, stock, lifecycle or Merch priority"
Assortment confirmation list with names 260618_1.xlsx,Subsize,11,H11,Gemma Bronze,Gemma Bronze Block 45,Honed,Honed,,1198x2798,Bookmatch 2 faces,"assortment option; not SKU, stock, lifecycle or Merch priority"
Assortment confirmation list with names 260618_1.xlsx,Subsize,12,F12,Calacatta Borghini,Calacatta Borghini Block 48,Polished,Polished,,298x598,Random 10 faces,"assortment option; not SKU, stock, lifecycle or Merch priority"
Assortment confirmation list with names 260618_1.xlsx,Subsize,12,F12,Calacatta Borghini,Calacatta Borghini Block 48,Polished,Polished,,598x598,Random 10 faces,"assortment option; not SKU, stock, lifecycle or Merch priority"
Assortment confirmation list with names 260618_1.xlsx,Subsize,12,F12,Calacatta Borghini,Calacatta Borghini Block 48,Polished,Polished,,598x1198,Random 10 faces,"assortment option; not SKU, stock, lifecycle or Merch priority"
Assortment confirmation list with names 260618_1.xlsx,Subsize,12,F12,Calacatta Borghini,Calacatta Borghini Block 48,Polished,Polished,,1198x1198,Random 10 faces,"assortment option; not SKU, stock, lifecycle or Merch priority"
Assortment confirmation list with names 260618_1.xlsx,Subsize,12,F12,Calacatta Borghini,Calacatta Borghini Block 48,Polished,Polished,,898x898,Random 10 faces,"assortment option; not SKU, stock, lifecycle or Merch priority"
Assortment confirmation list with names 260618_1.xlsx,Subsize,12,F12,Calacatta Borghini,Calacatta Borghini Block 48,Polished,Polished,,1198x2798,Random 10 faces,"assortment option; not SKU, stock, lifecycle or Merch priority"
Assortment confirmation list with names 260618_1.xlsx,Subsize,12,H12,Calacatta Borghini,Calacatta Borghini Block 48,Honed,Honed,,298x598,Random 10 faces,"assortment option; not SKU, stock, lifecycle or Merch priority"
Assortment confirmation list with names 260618_1.xlsx,Subsize,12,H12,Calacatta Borghini,Calacatta Borghini Block 48,Honed,Honed,,598x598,Random 10 faces,"assortment option; not SKU, stock, lifecycle or Merch priority"
Assortment confirmation list with names 260618_1.xlsx,Subsize,12,H12,Calacatta Borghini,Calacatta Borghini Block 48,Honed,Honed,,598x1198,Random 10 faces,"assortment option; not SKU, stock, lifecycle or Merch priority"
Assortment confirmation list with names 260618_1.xlsx,Subsize,12,H12,Calacatta Borghini,Calacatta Borghini Block 48,Honed,Honed,,1198x1198,Random 10 faces,"assortment option; not SKU, stock, lifecycle or Merch priority"
Assortment confirmation list with names 260618_1.xlsx,Subsize,12,H12,Calacatta Borghini,Calacatta Borghini Block 48,Honed,Honed,,898x898,Random 10 faces,"assortment option; not SKU, stock, lifecycle or Merch priority"
Assortment confirmation list with names 260618_1.xlsx,Subsize,12,H12,Calacatta Borghini,Calacatta Borghini Block 48,Honed,Honed,,1198x2798,Random 10 faces,"assortment option; not SKU, stock, lifecycle or Merch priority"
Assortment confirmation list with names 260618_1.xlsx,Subsize,12,O12,Calacatta Borghini,Calacatta Borghini Block 48,Vintage,Structured matt,,298x598,Random 10 faces,"assortment option; not SKU, stock, lifecycle or Merch priority"
Assortment confirmation list with names 260618_1.xlsx,Subsize,12,O12,Calacatta Borghini,Calacatta Borghini Block 48,Vintage,Structured matt,,598x598,Random 10 faces,"assortment option; not SKU, stock, lifecycle or Merch priority"
Assortment confirmation list with names 260618_1.xlsx,Subsize,12,O12,Calacatta Borghini,Calacatta Borghini Block 48,Vintage,Structured matt,,598x1198,Random 10 faces,"assortment option; not SKU, stock, lifecycle or Merch priority"
Assortment confirmation list with names 260618_1.xlsx,Subsize,12,O12,Calacatta Borghini,Calacatta Borghini Block 48,Vintage,Structured matt,,2 inch Hexagon,Random 10 faces,"assortment option; not SKU, stock, lifecycle or Merch priority"
Assortment confirmation list with names 260618_1.xlsx,Subsize,13,F13,Taj Mahal,Taj Mahal Block 36,Polished,Polished,,298x598,Random 10 faces,"assortment option; not SKU, stock, lifecycle or Merch priority"
Assortment confirmation list with names 260618_1.xlsx,Subsize,13,F13,Taj Mahal,Taj Mahal Block 36,Polished,Polished,,598x598,Random 10 faces,"assortment option; not SKU, stock, lifecycle or Merch priority"
Assortment confirmation list with names 260618_1.xlsx,Subsize,13,F13,Taj Mahal,Taj Mahal Block 36,Polished,Polished,,598x1198,Random 10 faces,"assortment option; not SKU, stock, lifecycle or Merch priority"
Assortment confirmation list with names 260618_1.xlsx,Subsize,13,F13,Taj Mahal,Taj Mahal Block 36,Polished,Polished,,1198x1198,Random 10 faces,"assortment option; not SKU, stock, lifecycle or Merch priority"
Assortment confirmation list with names 260618_1.xlsx,Subsize,13,F13,Taj Mahal,Taj Mahal Block 36,Polished,Polished,,898x898,Random 10 faces,"assortment option; not SKU, stock, lifecycle or Merch priority"
Assortment confirmation list with names 260618_1.xlsx,Subsize,13,F13,Taj Mahal,Taj Mahal Block 36,Polished,Polished,,1198x2798,Random 10 faces,"assortment option; not SKU, stock, lifecycle or Merch priority"
Assortment confirmation list with names 260618_1.xlsx,Subsize,13,H13,Taj Mahal,Taj Mahal Block 36,Honed,Honed,,298x598,Random 10 faces,"assortment option; not SKU, stock, lifecycle or Merch priority"
Assortment confirmation list with names 260618_1.xlsx,Subsize,13,H13,Taj Mahal,Taj Mahal Block 36,Honed,Honed,,598x598,Random 10 faces,"assortment option; not SKU, stock, lifecycle or Merch priority"
Assortment confirmation list with names 260618_1.xlsx,Subsize,13,H13,Taj Mahal,Taj Mahal Block 36,Honed,Honed,,598x1198,Random 10 faces,"assortment option; not SKU, stock, lifecycle or Merch priority"
Assortment confirmation list with names 260618_1.xlsx,Subsize,13,H13,Taj Mahal,Taj Mahal Block 36,Honed,Honed,,1198x1198,Random 10 faces,"assortment option; not SKU, stock, lifecycle or Merch priority"
Assortment confirmation list with names 260618_1.xlsx,Subsize,13,H13,Taj Mahal,Taj Mahal Block 36,Honed,Honed,,898x898,Random 10 faces,"assortment option; not SKU, stock, lifecycle or Merch priority"
Assortment confirmation list with names 260618_1.xlsx,Subsize,13,H13,Taj Mahal,Taj Mahal Block 36,Honed,Honed,,1198x2798,Random 10 faces,"assortment option; not SKU, stock, lifecycle or Merch priority"
Assortment confirmation list with names 260618_1.xlsx,Subsize,13,H13,Taj Mahal,Taj Mahal Block 36,Honed,Honed,,2 inch Hexagon,Random 10 faces,"assortment option; not SKU, stock, lifecycle or Merch priority"
Assortment confirmation list with names 260618_1.xlsx,Subsize,14,F14,Crystal - French Vanilla,French Vanilla Block 35,Polished,Polished,,298x598,Random 10 faces,"assortment option; not SKU, stock, lifecycle or Merch priority"
Assortment confirmation list with names 260618_1.xlsx,Subsize,14,F14,Crystal - French Vanilla,French Vanilla Block 35,Polished,Polished,,598x598,Random 10 faces,"assortment option; not SKU, stock, lifecycle or Merch priority"
Assortment confirmation list with names 260618_1.xlsx,Subsize,14,F14,Crystal - French Vanilla,French Vanilla Block 35,Polished,Polished,,598x1198,Random 10 faces,"assortment option; not SKU, stock, lifecycle or Merch priority"
Assortment confirmation list with names 260618_1.xlsx,Subsize,14,F14,Crystal - French Vanilla,French Vanilla Block 35,Polished,Polished,,1198x1198,Random 10 faces,"assortment option; not SKU, stock, lifecycle or Merch priority"
Assortment confirmation list with names 260618_1.xlsx,Subsize,14,F14,Crystal - French Vanilla,French Vanilla Block 35,Polished,Polished,,898x898,Random 10 faces,"assortment option; not SKU, stock, lifecycle or Merch priority"
Assortment confirmation list with names 260618_1.xlsx,Subsize,14,F14,Crystal - French Vanilla,French Vanilla Block 35,Polished,Polished,,1198x2798,Random 10 faces,"assortment option; not SKU, stock, lifecycle or Merch priority"
Assortment confirmation list with names 260618_1.xlsx,Subsize,14,H14,Crystal - French Vanilla,French Vanilla Block 35,Honed,Honed,,298x598,Random 10 faces,"assortment option; not SKU, stock, lifecycle or Merch priority"
Assortment confirmation list with names 260618_1.xlsx,Subsize,14,H14,Crystal - French Vanilla,French Vanilla Block 35,Honed,Honed,,598x598,Random 10 faces,"assortment option; not SKU, stock, lifecycle or Merch priority"
Assortment confirmation list with names 260618_1.xlsx,Subsize,14,H14,Crystal - French Vanilla,French Vanilla Block 35,Honed,Honed,,598x1198,Random 10 faces,"assortment option; not SKU, stock, lifecycle or Merch priority"
Assortment confirmation list with names 260618_1.xlsx,Subsize,14,H14,Crystal - French Vanilla,French Vanilla Block 35,Honed,Honed,,1198x1198,Random 10 faces,"assortment option; not SKU, stock, lifecycle or Merch priority"
Assortment confirmation list with names 260618_1.xlsx,Subsize,14,H14,Crystal - French Vanilla,French Vanilla Block 35,Honed,Honed,,898x898,Random 10 faces,"assortment option; not SKU, stock, lifecycle or Merch priority"
Assortment confirmation list with names 260618_1.xlsx,Subsize,14,H14,Crystal - French Vanilla,French Vanilla Block 35,Honed,Honed,,1198x2798,Random 10 faces,"assortment option; not SKU, stock, lifecycle or Merch priority"
Assortment confirmation list with names 260618_1.xlsx,Subsize,14,O14,Crystal - French Vanilla,French Vanilla Block 35,Vintage,Structured matt,,298x598,Random 10 faces,"assortment option; not SKU, stock, lifecycle or Merch priority"
Assortment confirmation list with names 260618_1.xlsx,Subsize,14,O14,Crystal - French Vanilla,French Vanilla Block 35,Vintage,Structured matt,,598x598,Random 10 faces,"assortment option; not SKU, stock, lifecycle or Merch priority"
Assortment confirmation list with names 260618_1.xlsx,Subsize,14,O14,Crystal - French Vanilla,French Vanilla Block 35,Vintage,Structured matt,,598x1198,Random 10 faces,"assortment option; not SKU, stock, lifecycle or Merch priority"
Assortment confirmation list with names 260618_1.xlsx,Subsize,14,O14,Crystal - French Vanilla,French Vanilla Block 35,Vintage,Structured matt,,2 inch Hexagon,Random 10 faces,"assortment option; not SKU, stock, lifecycle or Merch priority"
Assortment confirmation list with names 260618_1.xlsx,Subsize,14,R14,Crystal - French Vanilla,French Vanilla Block 35,20mm,Structured matt,,60x120,Random 10 faces,"assortment option; not SKU, stock, lifecycle or Merch priority"
Assortment confirmation list with names 260618_1.xlsx,Subsize,14,R14,Crystal - French Vanilla,French Vanilla Block 35,20mm,Structured matt,,90x90,Random 10 faces,"assortment option; not SKU, stock, lifecycle or Merch priority"
Assortment confirmation list with names 260618_1.xlsx,Subsize,14,R14,Crystal - French Vanilla,French Vanilla Block 35,20mm,Structured matt,,Vintage,Random 10 faces,"assortment option; not SKU, stock, lifecycle or Merch priority"
Assortment confirmation list with names 260618_1.xlsx,Subsize,15,F15,Pietra Imperiale (grey version),Forge Eleganza Block 20,Polished,Polished,,298x598,Random 10 faces,"assortment option; not SKU, stock, lifecycle or Merch priority"
Assortment confirmation list with names 260618_1.xlsx,Subsize,15,F15,Pietra Imperiale (grey version),Forge Eleganza Block 20,Polished,Polished,,598x598,Random 10 faces,"assortment option; not SKU, stock, lifecycle or Merch priority"
Assortment confirmation list with names 260618_1.xlsx,Subsize,15,F15,Pietra Imperiale (grey version),Forge Eleganza Block 20,Polished,Polished,,598x1198,Random 10 faces,"assortment option; not SKU, stock, lifecycle or Merch priority"
Assortment confirmation list with names 260618_1.xlsx,Subsize,15,F15,Pietra Imperiale (grey version),Forge Eleganza Block 20,Polished,Polished,,1198x1198,Random 10 faces,"assortment option; not SKU, stock, lifecycle or Merch priority"
Assortment confirmation list with names 260618_1.xlsx,Subsize,15,F15,Pietra Imperiale (grey version),Forge Eleganza Block 20,Polished,Polished,,898x898,Random 10 faces,"assortment option; not SKU, stock, lifecycle or Merch priority"
Assortment confirmation list with names 260618_1.xlsx,Subsize,15,F15,Pietra Imperiale (grey version),Forge Eleganza Block 20,Polished,Polished,,1198x2798,Random 10 faces,"assortment option; not SKU, stock, lifecycle or Merch priority"
Assortment confirmation list with names 260618_1.xlsx,Subsize,15,H15,Pietra Imperiale (grey version),Forge Eleganza Block 20,Honed,Honed,,298x598,Random 10 faces,"assortment option; not SKU, stock, lifecycle or Merch priority"
Assortment confirmation list with names 260618_1.xlsx,Subsize,15,H15,Pietra Imperiale (grey version),Forge Eleganza Block 20,Honed,Honed,,598x598,Random 10 faces,"assortment option; not SKU, stock, lifecycle or Merch priority"
Assortment confirmation list with names 260618_1.xlsx,Subsize,15,H15,Pietra Imperiale (grey version),Forge Eleganza Block 20,Honed,Honed,,598x1198,Random 10 faces,"assortment option; not SKU, stock, lifecycle or Merch priority"
Assortment confirmation list with names 260618_1.xlsx,Subsize,15,H15,Pietra Imperiale (grey version),Forge Eleganza Block 20,Honed,Honed,,1198x1198,Random 10 faces,"assortment option; not SKU, stock, lifecycle or Merch priority"
Assortment confirmation list with names 260618_1.xlsx,Subsize,15,H15,Pietra Imperiale (grey version),Forge Eleganza Block 20,Honed,Honed,,898x898,Random 10 faces,"assortment option; not SKU, stock, lifecycle or Merch priority"
Assortment confirmation list with names 260618_1.xlsx,Subsize,15,H15,Pietra Imperiale (grey version),Forge Eleganza Block 20,Honed,Honed,,1198x2798,Random 10 faces,"assortment option; not SKU, stock, lifecycle or Merch priority"
Assortment confirmation list with names 260618_1.xlsx,Subsize,15,O15,Pietra Imperiale (grey version),Forge Eleganza Block 20,Vintage,Structured matt,,298x598,Random 10 faces,"assortment option; not SKU, stock, lifecycle or Merch priority"
Assortment confirmation list with names 260618_1.xlsx,Subsize,15,O15,Pietra Imperiale (grey version),Forge Eleganza Block 20,Vintage,Structured matt,,598x598,Random 10 faces,"assortment option; not SKU, stock, lifecycle or Merch priority"
Assortment confirmation list with names 260618_1.xlsx,Subsize,15,O15,Pietra Imperiale (grey version),Forge Eleganza Block 20,Vintage,Structured matt,,598x1198,Random 10 faces,"assortment option; not SKU, stock, lifecycle or Merch priority"
Assortment confirmation list with names 260618_1.xlsx,Subsize,15,O15,Pietra Imperiale (grey version),Forge Eleganza Block 20,Vintage,Structured matt,,2 inch Hexagon,Random 10 faces,"assortment option; not SKU, stock, lifecycle or Merch priority"
Assortment confirmation list with names 260618_1.xlsx,Subsize,15,R15,Pietra Imperiale (grey version),Forge Eleganza Block 20,20mm,Structured matt,,60x120,Random 10 faces,"assortment option; not SKU, stock, lifecycle or Merch priority"
Assortment confirmation list with names 260618_1.xlsx,Subsize,15,R15,Pietra Imperiale (grey version),Forge Eleganza Block 20,20mm,Structured matt,,90x90,Random 10 faces,"assortment option; not SKU, stock, lifecycle or Merch priority"
Assortment confirmation list with names 260618_1.xlsx,Subsize,15,R15,Pietra Imperiale (grey version),Forge Eleganza Block 20,20mm,Structured matt,,Vintage,Random 10 faces,"assortment option; not SKU, stock, lifecycle or Merch priority"
Assortment confirmation list with names 260618_1.xlsx,Subsize,16,F16,,Atlantic Ocean Block 24,Polished,Polished,,598x1198,Random 10 faces,"assortment option; not SKU, stock, lifecycle or Merch priority"
Assortment confirmation list with names 260618_1.xlsx,Subsize,16,F16,,Atlantic Ocean Block 24,Polished,Polished,,898x898,Random 10 faces,"assortment option; not SKU, stock, lifecycle or Merch priority"
Assortment confirmation list with names 260618_1.xlsx,Subsize,16,F16,,Atlantic Ocean Block 24,Polished,Polished,,1198x2798,Random 10 faces,"assortment option; not SKU, stock, lifecycle or Merch priority"
Assortment confirmation list with names 260618_1.xlsx,Subsize,16,H16,,Atlantic Ocean Block 24,Honed,Honed,,598x1198,Random 10 faces,"assortment option; not SKU, stock, lifecycle or Merch priority"
Assortment confirmation list with names 260618_1.xlsx,Subsize,16,H16,,Atlantic Ocean Block 24,Honed,Honed,,898x898,Random 10 faces,"assortment option; not SKU, stock, lifecycle or Merch priority"
Assortment confirmation list with names 260618_1.xlsx,Subsize,16,H16,,Atlantic Ocean Block 24,Honed,Honed,,1198x2798,Random 10 faces,"assortment option; not SKU, stock, lifecycle or Merch priority"
Assortment confirmation list with names 260618_1.xlsx,Subsize,16,H16,,Atlantic Ocean Block 24,Honed,Honed,,2 inch Hexagon,Random 10 faces,"assortment option; not SKU, stock, lifecycle or Merch priority"
Assortment confirmation list with names 260618_1.xlsx,Subsize,17,F17,Verdi Alpi,Verdi Alpi Block 57,Polished,Polished,,598x1198,Random 10 faces,"assortment option; not SKU, stock, lifecycle or Merch priority"
Assortment confirmation list with names 260618_1.xlsx,Subsize,17,F17,Verdi Alpi,Verdi Alpi Block 57,Polished,Polished,,898x898,Random 10 faces,"assortment option; not SKU, stock, lifecycle or Merch priority"
Assortment confirmation list with names 260618_1.xlsx,Subsize,17,F17,Verdi Alpi,Verdi Alpi Block 57,Polished,Polished,,1198x2798,Random 10 faces,"assortment option; not SKU, stock, lifecycle or Merch priority"
Assortment confirmation list with names 260618_1.xlsx,Subsize,17,H17,Verdi Alpi,Verdi Alpi Block 57,Honed,Honed,,598x1198,Random 10 faces,"assortment option; not SKU, stock, lifecycle or Merch priority"
Assortment confirmation list with names 260618_1.xlsx,Subsize,17,H17,Verdi Alpi,Verdi Alpi Block 57,Honed,Honed,,898x898,Random 10 faces,"assortment option; not SKU, stock, lifecycle or Merch priority"
Assortment confirmation list with names 260618_1.xlsx,Subsize,17,H17,Verdi Alpi,Verdi Alpi Block 57,Honed,Honed,,1198x2798,Random 10 faces,"assortment option; not SKU, stock, lifecycle or Merch priority"
Assortment confirmation list with names 260618_1.xlsx,Subsize,17,H17,Verdi Alpi,Verdi Alpi Block 57,Honed,Honed,,2 inch Hexagon,Random 10 faces,"assortment option; not SKU, stock, lifecycle or Merch priority"
Assortment confirmation list with names 260618_1.xlsx,Subsize,18,F18,,Foresta Block 56,Polished,Polished,,598x1198,Random 10 faces,"assortment option; not SKU, stock, lifecycle or Merch priority"
Assortment confirmation list with names 260618_1.xlsx,Subsize,18,F18,,Foresta Block 56,Polished,Polished,,898x898,Random 10 faces,"assortment option; not SKU, stock, lifecycle or Merch priority"
Assortment confirmation list with names 260618_1.xlsx,Subsize,18,F18,,Foresta Block 56,Polished,Polished,,1198x2798,Random 10 faces,"assortment option; not SKU, stock, lifecycle or Merch priority"
Assortment confirmation list with names 260618_1.xlsx,Subsize,18,H18,,Foresta Block 56,Honed,Honed,,598x1198,Random 10 faces,"assortment option; not SKU, stock, lifecycle or Merch priority"
Assortment confirmation list with names 260618_1.xlsx,Subsize,18,H18,,Foresta Block 56,Honed,Honed,,898x898,Random 10 faces,"assortment option; not SKU, stock, lifecycle or Merch priority"
Assortment confirmation list with names 260618_1.xlsx,Subsize,18,H18,,Foresta Block 56,Honed,Honed,,1198x2798,Random 10 faces,"assortment option; not SKU, stock, lifecycle or Merch priority"
Assortment confirmation list with names 260618_1.xlsx,Subsize,18,H18,,Foresta Block 56,Honed,Honed,,2 inch Hexagon,Random 10 faces,"assortment option; not SKU, stock, lifecycle or Merch priority"
Assortment confirmation list with names 260618_1.xlsx,Subsize,19,F19,,Pietra Imperiale,Polished,Polished,,298x598,Random 10 faces,"assortment option; not SKU, stock, lifecycle or Merch priority"
Assortment confirmation list with names 260618_1.xlsx,Subsize,19,F19,,Pietra Imperiale,Polished,Polished,,598x598,Random 10 faces,"assortment option; not SKU, stock, lifecycle or Merch priority"
Assortment confirmation list with names 260618_1.xlsx,Subsize,19,F19,,Pietra Imperiale,Polished,Polished,,598x1198,Random 10 faces,"assortment option; not SKU, stock, lifecycle or Merch priority"
Assortment confirmation list with names 260618_1.xlsx,Subsize,19,F19,,Pietra Imperiale,Polished,Polished,,1198x1198,Random 10 faces,"assortment option; not SKU, stock, lifecycle or Merch priority"
Assortment confirmation list with names 260618_1.xlsx,Subsize,19,F19,,Pietra Imperiale,Polished,Polished,,898x898,Random 10 faces,"assortment option; not SKU, stock, lifecycle or Merch priority"
Assortment confirmation list with names 260618_1.xlsx,Subsize,19,F19,,Pietra Imperiale,Polished,Polished,,1198x2798,Random 10 faces,"assortment option; not SKU, stock, lifecycle or Merch priority"
Assortment confirmation list with names 260618_1.xlsx,Subsize,19,H19,,Pietra Imperiale,Honed,Honed,,298x598,Random 10 faces,"assortment option; not SKU, stock, lifecycle or Merch priority"
Assortment confirmation list with names 260618_1.xlsx,Subsize,19,H19,,Pietra Imperiale,Honed,Honed,,598x598,Random 10 faces,"assortment option; not SKU, stock, lifecycle or Merch priority"
Assortment confirmation list with names 260618_1.xlsx,Subsize,19,H19,,Pietra Imperiale,Honed,Honed,,598x1198,Random 10 faces,"assortment option; not SKU, stock, lifecycle or Merch priority"
Assortment confirmation list with names 260618_1.xlsx,Subsize,19,H19,,Pietra Imperiale,Honed,Honed,,1198x1198,Random 10 faces,"assortment option; not SKU, stock, lifecycle or Merch priority"
Assortment confirmation list with names 260618_1.xlsx,Subsize,19,H19,,Pietra Imperiale,Honed,Honed,,898x898,Random 10 faces,"assortment option; not SKU, stock, lifecycle or Merch priority"
Assortment confirmation list with names 260618_1.xlsx,Subsize,19,H19,,Pietra Imperiale,Honed,Honed,,1198x2798,Random 10 faces,"assortment option; not SKU, stock, lifecycle or Merch priority"
Assortment confirmation list with names 260618_1.xlsx,Subsize,19,O19,,Pietra Imperiale,Vintage,Structured matt,,298x598,Random 10 faces,"assortment option; not SKU, stock, lifecycle or Merch priority"
Assortment confirmation list with names 260618_1.xlsx,Subsize,19,O19,,Pietra Imperiale,Vintage,Structured matt,,598x598,Random 10 faces,"assortment option; not SKU, stock, lifecycle or Merch priority"
Assortment confirmation list with names 260618_1.xlsx,Subsize,19,O19,,Pietra Imperiale,Vintage,Structured matt,,598x1198,Random 10 faces,"assortment option; not SKU, stock, lifecycle or Merch priority"
Assortment confirmation list with names 260618_1.xlsx,Subsize,19,O19,,Pietra Imperiale,Vintage,Structured matt,,2 inch Hexagon,Random 10 faces,"assortment option; not SKU, stock, lifecycle or Merch priority"
Assortment confirmation list with names 260618_1.xlsx,Subsize,19,R19,,Pietra Imperiale,20mm,Structured matt,,60x120,Random 10 faces,"assortment option; not SKU, stock, lifecycle or Merch priority"
Assortment confirmation list with names 260618_1.xlsx,Subsize,19,R19,,Pietra Imperiale,20mm,Structured matt,,90x90,Random 10 faces,"assortment option; not SKU, stock, lifecycle or Merch priority"
Assortment confirmation list with names 260618_1.xlsx,Subsize,19,R19,,Pietra Imperiale,20mm,Structured matt,,Vintage,Random 10 faces,"assortment option; not SKU, stock, lifecycle or Merch priority"
Assortment confirmation list with names 260618_1.xlsx,Subsize,20,F20,Foresta Vecchia,Macchia Vecchia Block 42,Polished,Polished,,1198x2798,Bookmatch 2 faces,"assortment option; not SKU, stock, lifecycle or Merch priority"
Assortment confirmation list with names 260618_1.xlsx,Subsize,20,H20,Foresta Vecchia,Macchia Vecchia Block 42,Honed,Honed,,1198x2798,Bookmatch 2 faces,"assortment option; not SKU, stock, lifecycle or Merch priority"
Assortment confirmation list with names 260618_1.xlsx,Subsize,21,F21,Elazıg Cherry,Tuscano Burgundy,Polished,Polished,,1198x2798,Bookmatch 2 faces,"assortment option; not SKU, stock, lifecycle or Merch priority"
Assortment confirmation list with names 260618_1.xlsx,Subsize,22,F22,Oro Noir,Oro Noir Block 25,Polished,Polished,,1198x2798,Bookmatch 2 faces,"assortment option; not SKU, stock, lifecycle or Merch priority"
Assortment confirmation list with names 260618_1.xlsx,Subsize,22,H22,Oro Noir,Oro Noir Block 25,Honed,Honed,,1198x2798,Bookmatch 2 faces,"assortment option; not SKU, stock, lifecycle or Merch priority"
Assortment confirmation list with names 260618_1.xlsx,Subsize,23,F23,Bianco Dior,Bianco Dior Block 38,Polished,Polished,,1198x2798,Bookmatch 2 faces,"assortment option; not SKU, stock, lifecycle or Merch priority"
Assortment confirmation list with names 260618_1.xlsx,Subsize,23,H23,Bianco Dior,Bianco Dior Block 38,Honed,Honed,,1198x2798,Bookmatch 2 faces,"assortment option; not SKU, stock, lifecycle or Merch priority"
Assortment confirmation list with names 260618_1.xlsx,Subsize,24,F24,Sahara Noir,Sahara Noir Block 15,Polished,Polished,,598x1198,Random 8 faces,"assortment option; not SKU, stock, lifecycle or Merch priority"
Assortment confirmation list with names 260618_1.xlsx,Subsize,24,F24,Sahara Noir,Sahara Noir Block 15,Polished,Polished,,898x898,Random 8 faces,"assortment option; not SKU, stock, lifecycle or Merch priority"
Assortment confirmation list with names 260618_1.xlsx,Subsize,24,F24,Sahara Noir,Sahara Noir Block 15,Polished,Polished,,1198x2798,Random 8 faces,"assortment option; not SKU, stock, lifecycle or Merch priority"
Assortment confirmation list with names 260618_1.xlsx,Subsize,24,H24,Sahara Noir,Sahara Noir Block 15,Honed,Honed,,598x1198,Random 8 faces,"assortment option; not SKU, stock, lifecycle or Merch priority"
Assortment confirmation list with names 260618_1.xlsx,Subsize,24,H24,Sahara Noir,Sahara Noir Block 15,Honed,Honed,,898x898,Random 8 faces,"assortment option; not SKU, stock, lifecycle or Merch priority"
Assortment confirmation list with names 260618_1.xlsx,Subsize,24,H24,Sahara Noir,Sahara Noir Block 15,Honed,Honed,,1198x2798,Random 8 faces,"assortment option; not SKU, stock, lifecycle or Merch priority"
Assortment confirmation list with names 260618_1.xlsx,Subsize,24,H24,Sahara Noir,Sahara Noir Block 15,Honed,Honed,,2 inch Hexagon,Random 8 faces,"assortment option; not SKU, stock, lifecycle or Merch priority"
Assortment confirmation list with names 260618_1.xlsx,Subsize,25,F25,Calacatta Noir,Calacatta Noir Block 34,Polished,Polished,,298x598,Random 10 faces,"assortment option; not SKU, stock, lifecycle or Merch priority"
Assortment confirmation list with names 260618_1.xlsx,Subsize,25,F25,Calacatta Noir,Calacatta Noir Block 34,Polished,Polished,,598x598,Random 10 faces,"assortment option; not SKU, stock, lifecycle or Merch priority"
Assortment confirmation list with names 260618_1.xlsx,Subsize,25,F25,Calacatta Noir,Calacatta Noir Block 34,Polished,Polished,,598x1198,Random 10 faces,"assortment option; not SKU, stock, lifecycle or Merch priority"
Assortment confirmation list with names 260618_1.xlsx,Subsize,25,F25,Calacatta Noir,Calacatta Noir Block 34,Polished,Polished,,1198x1198,Random 10 faces,"assortment option; not SKU, stock, lifecycle or Merch priority"
Assortment confirmation list with names 260618_1.xlsx,Subsize,25,F25,Calacatta Noir,Calacatta Noir Block 34,Polished,Polished,,898x898,Random 10 faces,"assortment option; not SKU, stock, lifecycle or Merch priority"
Assortment confirmation list with names 260618_1.xlsx,Subsize,25,F25,Calacatta Noir,Calacatta Noir Block 34,Polished,Polished,,1198x2798,Random 10 faces,"assortment option; not SKU, stock, lifecycle or Merch priority"
Assortment confirmation list with names 260618_1.xlsx,Subsize,25,H25,Calacatta Noir,Calacatta Noir Block 34,Honed,Honed,,298x598,Random 10 faces,"assortment option; not SKU, stock, lifecycle or Merch priority"
Assortment confirmation list with names 260618_1.xlsx,Subsize,25,H25,Calacatta Noir,Calacatta Noir Block 34,Honed,Honed,,598x598,Random 10 faces,"assortment option; not SKU, stock, lifecycle or Merch priority"
Assortment confirmation list with names 260618_1.xlsx,Subsize,25,H25,Calacatta Noir,Calacatta Noir Block 34,Honed,Honed,,598x1198,Random 10 faces,"assortment option; not SKU, stock, lifecycle or Merch priority"
Assortment confirmation list with names 260618_1.xlsx,Subsize,25,H25,Calacatta Noir,Calacatta Noir Block 34,Honed,Honed,,1198x1198,Random 10 faces,"assortment option; not SKU, stock, lifecycle or Merch priority"
Assortment confirmation list with names 260618_1.xlsx,Subsize,25,H25,Calacatta Noir,Calacatta Noir Block 34,Honed,Honed,,898x898,Random 10 faces,"assortment option; not SKU, stock, lifecycle or Merch priority"
Assortment confirmation list with names 260618_1.xlsx,Subsize,25,H25,Calacatta Noir,Calacatta Noir Block 34,Honed,Honed,,1198x2798,Random 10 faces,"assortment option; not SKU, stock, lifecycle or Merch priority"
Assortment confirmation list with names 260618_1.xlsx,Subsize,25,O25,Calacatta Noir,Calacatta Noir Block 34,Vintage,Structured matt,,298x598,Random 10 faces,"assortment option; not SKU, stock, lifecycle or Merch priority"
Assortment confirmation list with names 260618_1.xlsx,Subsize,25,O25,Calacatta Noir,Calacatta Noir Block 34,Vintage,Structured matt,,598x598,Random 10 faces,"assortment option; not SKU, stock, lifecycle or Merch priority"
Assortment confirmation list with names 260618_1.xlsx,Subsize,25,O25,Calacatta Noir,Calacatta Noir Block 34,Vintage,Structured matt,,598x1198,Random 10 faces,"assortment option; not SKU, stock, lifecycle or Merch priority"
Assortment confirmation list with names 260618_1.xlsx,Subsize,25,O25,Calacatta Noir,Calacatta Noir Block 34,Vintage,Structured matt,,2 inch Hexagon,Random 10 faces,"assortment option; not SKU, stock, lifecycle or Merch priority"
Assortment confirmation list with names 260618_1.xlsx,Subsize,25,R25,Calacatta Noir,Calacatta Noir Block 34,20mm,Structured matt,,60x120,Random 10 faces,"assortment option; not SKU, stock, lifecycle or Merch priority"
Assortment confirmation list with names 260618_1.xlsx,Subsize,25,R25,Calacatta Noir,Calacatta Noir Block 34,20mm,Structured matt,,90x90,Random 10 faces,"assortment option; not SKU, stock, lifecycle or Merch priority"
Assortment confirmation list with names 260618_1.xlsx,Subsize,25,R25,Calacatta Noir,Calacatta Noir Block 34,20mm,Structured matt,,Vintage,Random 10 faces,"assortment option; not SKU, stock, lifecycle or Merch priority"
Assortment confirmation list with names 260618_1.xlsx,Subsize,26,I26,Travertino Classico,Travertino Classico Block 55,,Structured Honed,,298x598,Random 8 faces,"assortment option; not SKU, stock, lifecycle or Merch priority"
Assortment confirmation list with names 260618_1.xlsx,Subsize,26,I26,Travertino Classico,Travertino Classico Block 55,,Structured Honed,,598x1198,Random 8 faces,"assortment option; not SKU, stock, lifecycle or Merch priority"
Assortment confirmation list with names 260618_1.xlsx,Subsize,26,I26,Travertino Classico,Travertino Classico Block 55,,Structured Honed,,898x1798,Random 8 faces,"assortment option; not SKU, stock, lifecycle or Merch priority"
Assortment confirmation list with names 260618_1.xlsx,Subsize,26,I26,Travertino Classico,Travertino Classico Block 55,,Structured Honed,,1198x2798,Random 8 faces,"assortment option; not SKU, stock, lifecycle or Merch priority"
Assortment confirmation list with names 260618_1.xlsx,Subsize,26,N26,Travertino Classico,Travertino Classico Block 55,,Structured matt,,298x598,Random 8 faces,"assortment option; not SKU, stock, lifecycle or Merch priority"
Assortment confirmation list with names 260618_1.xlsx,Subsize,26,N26,Travertino Classico,Travertino Classico Block 55,,Structured matt,,598x1198,Random 8 faces,"assortment option; not SKU, stock, lifecycle or Merch priority"
Assortment confirmation list with names 260618_1.xlsx,Subsize,26,N26,Travertino Classico,Travertino Classico Block 55,,Structured matt,,898x1798,Random 8 faces,"assortment option; not SKU, stock, lifecycle or Merch priority"
Assortment confirmation list with names 260618_1.xlsx,Subsize,26,N26,Travertino Classico,Travertino Classico Block 55,,Structured matt,,2 inch Hexagon,Random 8 faces,"assortment option; not SKU, stock, lifecycle or Merch priority"
Assortment confirmation list with names 260618_1.xlsx,Subsize,26,P26,Travertino Classico,Travertino Classico Block 55,Grained,Structured matt,,298x598,Random 8 faces,"assortment option; not SKU, stock, lifecycle or Merch priority"
Assortment confirmation list with names 260618_1.xlsx,Subsize,26,P26,Travertino Classico,Travertino Classico Block 55,Grained,Structured matt,,598x1198,Random 8 faces,"assortment option; not SKU, stock, lifecycle or Merch priority"
Assortment confirmation list with names 260618_1.xlsx,Subsize,26,P26,Travertino Classico,Travertino Classico Block 55,Grained,Structured matt,,898x1798,Random 8 faces,"assortment option; not SKU, stock, lifecycle or Merch priority"
Assortment confirmation list with names 260618_1.xlsx,Subsize,26,R26,Travertino Classico,Travertino Classico Block 55,20mm,Structured matt,,60x120,Random 8 faces,"assortment option; not SKU, stock, lifecycle or Merch priority"
Assortment confirmation list with names 260618_1.xlsx,Subsize,26,R26,Travertino Classico,Travertino Classico Block 55,20mm,Structured matt,,Grained,Random 8 faces,"assortment option; not SKU, stock, lifecycle or Merch priority"
Assortment confirmation list with names 260618_1.xlsx,Subsize,27,I27,Travertine Titanium,Travertino Titanium Block 39,,Structured Honed,,298x598,Random 8 faces,"assortment option; not SKU, stock, lifecycle or Merch priority"
Assortment confirmation list with names 260618_1.xlsx,Subsize,27,I27,Travertine Titanium,Travertino Titanium Block 39,,Structured Honed,,598x1198,Random 8 faces,"assortment option; not SKU, stock, lifecycle or Merch priority"
Assortment confirmation list with names 260618_1.xlsx,Subsize,27,I27,Travertine Titanium,Travertino Titanium Block 39,,Structured Honed,,898x1798,Random 8 faces,"assortment option; not SKU, stock, lifecycle or Merch priority"
Assortment confirmation list with names 260618_1.xlsx,Subsize,27,I27,Travertine Titanium,Travertino Titanium Block 39,,Structured Honed,,1198x2798,Random 8 faces,"assortment option; not SKU, stock, lifecycle or Merch priority"
Assortment confirmation list with names 260618_1.xlsx,Subsize,27,N27,Travertine Titanium,Travertino Titanium Block 39,,Structured matt,,298x598,Random 8 faces,"assortment option; not SKU, stock, lifecycle or Merch priority"
Assortment confirmation list with names 260618_1.xlsx,Subsize,27,N27,Travertine Titanium,Travertino Titanium Block 39,,Structured matt,,598x1198,Random 8 faces,"assortment option; not SKU, stock, lifecycle or Merch priority"
Assortment confirmation list with names 260618_1.xlsx,Subsize,27,N27,Travertine Titanium,Travertino Titanium Block 39,,Structured matt,,898x1798,Random 8 faces,"assortment option; not SKU, stock, lifecycle or Merch priority"
Assortment confirmation list with names 260618_1.xlsx,Subsize,27,N27,Travertine Titanium,Travertino Titanium Block 39,,Structured matt,,2 inch Hexagon,Random 8 faces,"assortment option; not SKU, stock, lifecycle or Merch priority"
Assortment confirmation list with names 260618_1.xlsx,Subsize,27,P27,Travertine Titanium,Travertino Titanium Block 39,Grained,Structured matt,,298x598,Random 8 faces,"assortment option; not SKU, stock, lifecycle or Merch priority"
Assortment confirmation list with names 260618_1.xlsx,Subsize,27,P27,Travertine Titanium,Travertino Titanium Block 39,Grained,Structured matt,,598x1198,Random 8 faces,"assortment option; not SKU, stock, lifecycle or Merch priority"
Assortment confirmation list with names 260618_1.xlsx,Subsize,27,P27,Travertine Titanium,Travertino Titanium Block 39,Grained,Structured matt,,898x1798,Random 8 faces,"assortment option; not SKU, stock, lifecycle or Merch priority"
Assortment confirmation list with names 260618_1.xlsx,Subsize,27,R27,Travertine Titanium,Travertino Titanium Block 39,20mm,Structured matt,,60x120,Random 8 faces,"assortment option; not SKU, stock, lifecycle or Merch priority"
Assortment confirmation list with names 260618_1.xlsx,Subsize,27,R27,Travertine Titanium,Travertino Titanium Block 39,20mm,Structured matt,,Grained,Random 8 faces,"assortment option; not SKU, stock, lifecycle or Merch priority"
Assortment confirmation list with names 260618_1.xlsx,Subsize,28,F28,Crystal - White Onyx,Crystal Bianco Block 50,Polished,Polished,,298x598,Random 10 faces,"assortment option; not SKU, stock, lifecycle or Merch priority"
Assortment confirmation list with names 260618_1.xlsx,Subsize,28,F28,Crystal - White Onyx,Crystal Bianco Block 50,Polished,Polished,,598x598,Random 10 faces,"assortment option; not SKU, stock, lifecycle or Merch priority"
Assortment confirmation list with names 260618_1.xlsx,Subsize,28,F28,Crystal - White Onyx,Crystal Bianco Block 50,Polished,Polished,,598x1198,Random 10 faces,"assortment option; not SKU, stock, lifecycle or Merch priority"
Assortment confirmation list with names 260618_1.xlsx,Subsize,28,F28,Crystal - White Onyx,Crystal Bianco Block 50,Polished,Polished,,1198x1198,Random 10 faces,"assortment option; not SKU, stock, lifecycle or Merch priority"
Assortment confirmation list with names 260618_1.xlsx,Subsize,28,F28,Crystal - White Onyx,Crystal Bianco Block 50,Polished,Polished,,898x898,Random 10 faces,"assortment option; not SKU, stock, lifecycle or Merch priority"
Assortment confirmation list with names 260618_1.xlsx,Subsize,28,F28,Crystal - White Onyx,Crystal Bianco Block 50,Polished,Polished,,1198x2798,Random 10 faces,"assortment option; not SKU, stock, lifecycle or Merch priority"
Assortment confirmation list with names 260618_1.xlsx,Subsize,28,H28,Crystal - White Onyx,Crystal Bianco Block 50,Honed,Honed,,298x598,Random 10 faces,"assortment option; not SKU, stock, lifecycle or Merch priority"
Assortment confirmation list with names 260618_1.xlsx,Subsize,28,H28,Crystal - White Onyx,Crystal Bianco Block 50,Honed,Honed,,598x598,Random 10 faces,"assortment option; not SKU, stock, lifecycle or Merch priority"
Assortment confirmation list with names 260618_1.xlsx,Subsize,28,H28,Crystal - White Onyx,Crystal Bianco Block 50,Honed,Honed,,598x1198,Random 10 faces,"assortment option; not SKU, stock, lifecycle or Merch priority"
Assortment confirmation list with names 260618_1.xlsx,Subsize,28,H28,Crystal - White Onyx,Crystal Bianco Block 50,Honed,Honed,,1198x1198,Random 10 faces,"assortment option; not SKU, stock, lifecycle or Merch priority"
Assortment confirmation list with names 260618_1.xlsx,Subsize,28,H28,Crystal - White Onyx,Crystal Bianco Block 50,Honed,Honed,,898x898,Random 10 faces,"assortment option; not SKU, stock, lifecycle or Merch priority"
Assortment confirmation list with names 260618_1.xlsx,Subsize,28,H28,Crystal - White Onyx,Crystal Bianco Block 50,Honed,Honed,,1198x2798,Random 10 faces,"assortment option; not SKU, stock, lifecycle or Merch priority"
Assortment confirmation list with names 260618_1.xlsx,Subsize,28,H28,Crystal - White Onyx,Crystal Bianco Block 50,Honed,Honed,,2 inch Hexagon,Random 10 faces,"assortment option; not SKU, stock, lifecycle or Merch priority"
Assortment confirmation list with names 260618_1.xlsx,Subsize,29,I29,Ceppo type stone OS-1140,Ceppo di Gre Block 71,,Structured Honed,,298x598,Random 10 faces,"assortment option; not SKU, stock, lifecycle or Merch priority"
Assortment confirmation list with names 260618_1.xlsx,Subsize,29,I29,Ceppo type stone OS-1140,Ceppo di Gre Block 71,,Structured Honed,,598x598,Random 10 faces,"assortment option; not SKU, stock, lifecycle or Merch priority"
Assortment confirmation list with names 260618_1.xlsx,Subsize,29,I29,Ceppo type stone OS-1140,Ceppo di Gre Block 71,,Structured Honed,,598x1198,Random 10 faces,"assortment option; not SKU, stock, lifecycle or Merch priority"
Assortment confirmation list with names 260618_1.xlsx,Subsize,29,I29,Ceppo type stone OS-1140,Ceppo di Gre Block 71,,Structured Honed,,1198x1198,Random 10 faces,"assortment option; not SKU, stock, lifecycle or Merch priority"
Assortment confirmation list with names 260618_1.xlsx,Subsize,29,I29,Ceppo type stone OS-1140,Ceppo di Gre Block 71,,Structured Honed,,898x898,Random 10 faces,"assortment option; not SKU, stock, lifecycle or Merch priority"
Assortment confirmation list with names 260618_1.xlsx,Subsize,29,I29,Ceppo type stone OS-1140,Ceppo di Gre Block 71,,Structured Honed,,1198x2798,Random 10 faces,"assortment option; not SKU, stock, lifecycle or Merch priority"
Assortment confirmation list with names 260618_1.xlsx,Subsize,29,N29,Ceppo type stone OS-1140,Ceppo di Gre Block 71,,Structured matt,,298x598,Random 10 faces,"assortment option; not SKU, stock, lifecycle or Merch priority"
Assortment confirmation list with names 260618_1.xlsx,Subsize,29,N29,Ceppo type stone OS-1140,Ceppo di Gre Block 71,,Structured matt,,598x598,Random 10 faces,"assortment option; not SKU, stock, lifecycle or Merch priority"
Assortment confirmation list with names 260618_1.xlsx,Subsize,29,N29,Ceppo type stone OS-1140,Ceppo di Gre Block 71,,Structured matt,,598x1198,Random 10 faces,"assortment option; not SKU, stock, lifecycle or Merch priority"
Assortment confirmation list with names 260618_1.xlsx,Subsize,29,N29,Ceppo type stone OS-1140,Ceppo di Gre Block 71,,Structured matt,,2 inch Hexagon,Random 10 faces,"assortment option; not SKU, stock, lifecycle or Merch priority"
Assortment confirmation list with names 260618_1.xlsx,Subsize,29,P29,Ceppo type stone OS-1140,Ceppo di Gre Block 71,Grained,Structured matt,,298x598,Random 10 faces,"assortment option; not SKU, stock, lifecycle or Merch priority"
Assortment confirmation list with names 260618_1.xlsx,Subsize,29,P29,Ceppo type stone OS-1140,Ceppo di Gre Block 71,Grained,Structured matt,,598x598,Random 10 faces,"assortment option; not SKU, stock, lifecycle or Merch priority"
Assortment confirmation list with names 260618_1.xlsx,Subsize,29,P29,Ceppo type stone OS-1140,Ceppo di Gre Block 71,Grained,Structured matt,,598x1198,Random 10 faces,"assortment option; not SKU, stock, lifecycle or Merch priority"
Assortment confirmation list with names 260618_1.xlsx,Subsize,29,R29,Ceppo type stone OS-1140,Ceppo di Gre Block 71,20mm,Structured matt,,60x120,Random 10 faces,"assortment option; not SKU, stock, lifecycle or Merch priority"
Assortment confirmation list with names 260618_1.xlsx,Subsize,29,R29,Ceppo type stone OS-1140,Ceppo di Gre Block 71,20mm,Structured matt,,90x90,Random 10 faces,"assortment option; not SKU, stock, lifecycle or Merch priority"
Assortment confirmation list with names 260618_1.xlsx,Subsize,29,R29,Ceppo type stone OS-1140,Ceppo di Gre Block 71,20mm,Structured matt,,Grained,Random 10 faces,"assortment option; not SKU, stock, lifecycle or Merch priority"
Assortment confirmation list with names 260618_1.xlsx,Subsize,31,F31,Crystal - Pure Light Green Onyx,Lustra Onyx new color- name pending,Polished,Polished,,298x598,Random 10 faces,"assortment option; not SKU, stock, lifecycle or Merch priority"
Assortment confirmation list with names 260618_1.xlsx,Subsize,31,F31,Crystal - Pure Light Green Onyx,Lustra Onyx new color- name pending,Polished,Polished,,598x598,Random 10 faces,"assortment option; not SKU, stock, lifecycle or Merch priority"
Assortment confirmation list with names 260618_1.xlsx,Subsize,31,F31,Crystal - Pure Light Green Onyx,Lustra Onyx new color- name pending,Polished,Polished,,598x1198,Random 10 faces,"assortment option; not SKU, stock, lifecycle or Merch priority"
Assortment confirmation list with names 260618_1.xlsx,Subsize,31,F31,Crystal - Pure Light Green Onyx,Lustra Onyx new color- name pending,Polished,Polished,,1198x1198,Random 10 faces,"assortment option; not SKU, stock, lifecycle or Merch priority"
Assortment confirmation list with names 260618_1.xlsx,Subsize,31,F31,Crystal - Pure Light Green Onyx,Lustra Onyx new color- name pending,Polished,Polished,,898x898,Random 10 faces,"assortment option; not SKU, stock, lifecycle or Merch priority"
Assortment confirmation list with names 260618_1.xlsx,Subsize,31,F31,Crystal - Pure Light Green Onyx,Lustra Onyx new color- name pending,Polished,Polished,,1198x2798,Random 10 faces,"assortment option; not SKU, stock, lifecycle or Merch priority"
Assortment confirmation list with names 260618_1.xlsx,Subsize,31,H31,Crystal - Pure Light Green Onyx,Lustra Onyx new color- name pending,Honed,Honed,,298x598,Random 10 faces,"assortment option; not SKU, stock, lifecycle or Merch priority"
Assortment confirmation list with names 260618_1.xlsx,Subsize,31,H31,Crystal - Pure Light Green Onyx,Lustra Onyx new color- name pending,Honed,Honed,,598x598,Random 10 faces,"assortment option; not SKU, stock, lifecycle or Merch priority"
Assortment confirmation list with names 260618_1.xlsx,Subsize,31,H31,Crystal - Pure Light Green Onyx,Lustra Onyx new color- name pending,Honed,Honed,,598x1198,Random 10 faces,"assortment option; not SKU, stock, lifecycle or Merch priority"
Assortment confirmation list with names 260618_1.xlsx,Subsize,31,H31,Crystal - Pure Light Green Onyx,Lustra Onyx new color- name pending,Honed,Honed,,1198x1198,Random 10 faces,"assortment option; not SKU, stock, lifecycle or Merch priority"
Assortment confirmation list with names 260618_1.xlsx,Subsize,31,H31,Crystal - Pure Light Green Onyx,Lustra Onyx new color- name pending,Honed,Honed,,898x898,Random 10 faces,"assortment option; not SKU, stock, lifecycle or Merch priority"
Assortment confirmation list with names 260618_1.xlsx,Subsize,31,H31,Crystal - Pure Light Green Onyx,Lustra Onyx new color- name pending,Honed,Honed,,1198x2798,Random 10 faces,"assortment option; not SKU, stock, lifecycle or Merch priority"
Assortment confirmation list with names 260618_1.xlsx,Subsize,31,H31,Crystal - Pure Light Green Onyx,Lustra Onyx new color- name pending,Honed,Honed,,2 inch Hexagon,Random 10 faces,"assortment option; not SKU, stock, lifecycle or Merch priority"
Assortment confirmation list with names 260618_1.xlsx,Subsize,32,F32,Crystal - Pure Light Green Onyx,Lustra Onyx Crema,Polished,Polished,,298x598,Random 10 faces,"assortment option; not SKU, stock, lifecycle or Merch priority"
Assortment confirmation list with names 260618_1.xlsx,Subsize,32,F32,Crystal - Pure Light Green Onyx,Lustra Onyx Crema,Polished,Polished,,598x598,Random 10 faces,"assortment option; not SKU, stock, lifecycle or Merch priority"
Assortment confirmation list with names 260618_1.xlsx,Subsize,32,F32,Crystal - Pure Light Green Onyx,Lustra Onyx Crema,Polished,Polished,,598x1198,Random 10 faces,"assortment option; not SKU, stock, lifecycle or Merch priority"
Assortment confirmation list with names 260618_1.xlsx,Subsize,32,F32,Crystal - Pure Light Green Onyx,Lustra Onyx Crema,Polished,Polished,,1198x1198,Random 10 faces,"assortment option; not SKU, stock, lifecycle or Merch priority"
Assortment confirmation list with names 260618_1.xlsx,Subsize,32,F32,Crystal - Pure Light Green Onyx,Lustra Onyx Crema,Polished,Polished,,898x898,Random 10 faces,"assortment option; not SKU, stock, lifecycle or Merch priority"
Assortment confirmation list with names 260618_1.xlsx,Subsize,32,F32,Crystal - Pure Light Green Onyx,Lustra Onyx Crema,Polished,Polished,,1198x2798,Random 10 faces,"assortment option; not SKU, stock, lifecycle or Merch priority"
Assortment confirmation list with names 260618_1.xlsx,Subsize,32,H32,Crystal - Pure Light Green Onyx,Lustra Onyx Crema,Honed,Honed,,298x598,Random 10 faces,"assortment option; not SKU, stock, lifecycle or Merch priority"
Assortment confirmation list with names 260618_1.xlsx,Subsize,32,H32,Crystal - Pure Light Green Onyx,Lustra Onyx Crema,Honed,Honed,,598x598,Random 10 faces,"assortment option; not SKU, stock, lifecycle or Merch priority"
Assortment confirmation list with names 260618_1.xlsx,Subsize,32,H32,Crystal - Pure Light Green Onyx,Lustra Onyx Crema,Honed,Honed,,598x1198,Random 10 faces,"assortment option; not SKU, stock, lifecycle or Merch priority"
Assortment confirmation list with names 260618_1.xlsx,Subsize,32,H32,Crystal - Pure Light Green Onyx,Lustra Onyx Crema,Honed,Honed,,1198x1198,Random 10 faces,"assortment option; not SKU, stock, lifecycle or Merch priority"
Assortment confirmation list with names 260618_1.xlsx,Subsize,32,H32,Crystal - Pure Light Green Onyx,Lustra Onyx Crema,Honed,Honed,,898x898,Random 10 faces,"assortment option; not SKU, stock, lifecycle or Merch priority"
Assortment confirmation list with names 260618_1.xlsx,Subsize,32,H32,Crystal - Pure Light Green Onyx,Lustra Onyx Crema,Honed,Honed,,1198x2798,Random 10 faces,"assortment option; not SKU, stock, lifecycle or Merch priority"
Assortment confirmation list with names 260618_1.xlsx,Subsize,32,H32,Crystal - Pure Light Green Onyx,Lustra Onyx Crema,Honed,Honed,,2 inch Hexagon,Random 10 faces,"assortment option; not SKU, stock, lifecycle or Merch priority"
Assortment confirmation list with names 260618_1.xlsx,Subsize,33,F33,Crystal - Pure Light Green Onyx,Lustra Onyx Hazel,Polished,Polished,,298x598,Random 10 faces,"assortment option; not SKU, stock, lifecycle or Merch priority"
Assortment confirmation list with names 260618_1.xlsx,Subsize,33,F33,Crystal - Pure Light Green Onyx,Lustra Onyx Hazel,Polished,Polished,,598x598,Random 10 faces,"assortment option; not SKU, stock, lifecycle or Merch priority"
Assortment confirmation list with names 260618_1.xlsx,Subsize,33,F33,Crystal - Pure Light Green Onyx,Lustra Onyx Hazel,Polished,Polished,,598x1198,Random 10 faces,"assortment option; not SKU, stock, lifecycle or Merch priority"
Assortment confirmation list with names 260618_1.xlsx,Subsize,33,F33,Crystal - Pure Light Green Onyx,Lustra Onyx Hazel,Polished,Polished,,1198x1198,Random 10 faces,"assortment option; not SKU, stock, lifecycle or Merch priority"
Assortment confirmation list with names 260618_1.xlsx,Subsize,33,F33,Crystal - Pure Light Green Onyx,Lustra Onyx Hazel,Polished,Polished,,898x898,Random 10 faces,"assortment option; not SKU, stock, lifecycle or Merch priority"
Assortment confirmation list with names 260618_1.xlsx,Subsize,33,F33,Crystal - Pure Light Green Onyx,Lustra Onyx Hazel,Polished,Polished,,1198x2798,Random 10 faces,"assortment option; not SKU, stock, lifecycle or Merch priority"
Assortment confirmation list with names 260618_1.xlsx,Subsize,33,H33,Crystal - Pure Light Green Onyx,Lustra Onyx Hazel,Honed,Honed,,298x598,Random 10 faces,"assortment option; not SKU, stock, lifecycle or Merch priority"
Assortment confirmation list with names 260618_1.xlsx,Subsize,33,H33,Crystal - Pure Light Green Onyx,Lustra Onyx Hazel,Honed,Honed,,598x598,Random 10 faces,"assortment option; not SKU, stock, lifecycle or Merch priority"
Assortment confirmation list with names 260618_1.xlsx,Subsize,33,H33,Crystal - Pure Light Green Onyx,Lustra Onyx Hazel,Honed,Honed,,598x1198,Random 10 faces,"assortment option; not SKU, stock, lifecycle or Merch priority"
Assortment confirmation list with names 260618_1.xlsx,Subsize,33,H33,Crystal - Pure Light Green Onyx,Lustra Onyx Hazel,Honed,Honed,,1198x1198,Random 10 faces,"assortment option; not SKU, stock, lifecycle or Merch priority"
Assortment confirmation list with names 260618_1.xlsx,Subsize,33,H33,Crystal - Pure Light Green Onyx,Lustra Onyx Hazel,Honed,Honed,,898x898,Random 10 faces,"assortment option; not SKU, stock, lifecycle or Merch priority"
Assortment confirmation list with names 260618_1.xlsx,Subsize,33,H33,Crystal - Pure Light Green Onyx,Lustra Onyx Hazel,Honed,Honed,,1198x2798,Random 10 faces,"assortment option; not SKU, stock, lifecycle or Merch priority"
Assortment confirmation list with names 260618_1.xlsx,Subsize,33,H33,Crystal - Pure Light Green Onyx,Lustra Onyx Hazel,Honed,Honed,,2 inch Hexagon,Random 10 faces,"assortment option; not SKU, stock, lifecycle or Merch priority"
Assortment confirmation list with names 260618_1.xlsx,Subsize,34,F34,Crystal - Pure Light Green Onyx,Lustra Onyx Sage,Polished,Polished,,298x598,Random 10 faces,"assortment option; not SKU, stock, lifecycle or Merch priority"
Assortment confirmation list with names 260618_1.xlsx,Subsize,34,F34,Crystal - Pure Light Green Onyx,Lustra Onyx Sage,Polished,Polished,,598x598,Random 10 faces,"assortment option; not SKU, stock, lifecycle or Merch priority"
Assortment confirmation list with names 260618_1.xlsx,Subsize,34,F34,Crystal - Pure Light Green Onyx,Lustra Onyx Sage,Polished,Polished,,598x1198,Random 10 faces,"assortment option; not SKU, stock, lifecycle or Merch priority"
Assortment confirmation list with names 260618_1.xlsx,Subsize,34,F34,Crystal - Pure Light Green Onyx,Lustra Onyx Sage,Polished,Polished,,1198x1198,Random 10 faces,"assortment option; not SKU, stock, lifecycle or Merch priority"
Assortment confirmation list with names 260618_1.xlsx,Subsize,34,F34,Crystal - Pure Light Green Onyx,Lustra Onyx Sage,Polished,Polished,,898x898,Random 10 faces,"assortment option; not SKU, stock, lifecycle or Merch priority"
Assortment confirmation list with names 260618_1.xlsx,Subsize,34,F34,Crystal - Pure Light Green Onyx,Lustra Onyx Sage,Polished,Polished,,1198x2798,Random 10 faces,"assortment option; not SKU, stock, lifecycle or Merch priority"
Assortment confirmation list with names 260618_1.xlsx,Subsize,34,H34,Crystal - Pure Light Green Onyx,Lustra Onyx Sage,Honed,Honed,,298x598,Random 10 faces,"assortment option; not SKU, stock, lifecycle or Merch priority"
Assortment confirmation list with names 260618_1.xlsx,Subsize,34,H34,Crystal - Pure Light Green Onyx,Lustra Onyx Sage,Honed,Honed,,598x598,Random 10 faces,"assortment option; not SKU, stock, lifecycle or Merch priority"
Assortment confirmation list with names 260618_1.xlsx,Subsize,34,H34,Crystal - Pure Light Green Onyx,Lustra Onyx Sage,Honed,Honed,,598x1198,Random 10 faces,"assortment option; not SKU, stock, lifecycle or Merch priority"
Assortment confirmation list with names 260618_1.xlsx,Subsize,34,H34,Crystal - Pure Light Green Onyx,Lustra Onyx Sage,Honed,Honed,,1198x1198,Random 10 faces,"assortment option; not SKU, stock, lifecycle or Merch priority"
Assortment confirmation list with names 260618_1.xlsx,Subsize,34,H34,Crystal - Pure Light Green Onyx,Lustra Onyx Sage,Honed,Honed,,898x898,Random 10 faces,"assortment option; not SKU, stock, lifecycle or Merch priority"
Assortment confirmation list with names 260618_1.xlsx,Subsize,34,H34,Crystal - Pure Light Green Onyx,Lustra Onyx Sage,Honed,Honed,,1198x2798,Random 10 faces,"assortment option; not SKU, stock, lifecycle or Merch priority"
Assortment confirmation list with names 260618_1.xlsx,Subsize,34,H34,Crystal - Pure Light Green Onyx,Lustra Onyx Sage,Honed,Honed,,2 inch Hexagon,Random 10 faces,"assortment option; not SKU, stock, lifecycle or Merch priority"
Assortment confirmation list with names 260618_1.xlsx,Subsize,36,I36,Pietra Serena Dark Grey,Serena Flint,,Structured Honed,,298x598,Random 10 faces,"assortment option; not SKU, stock, lifecycle or Merch priority"
Assortment confirmation list with names 260618_1.xlsx,Subsize,36,I36,Pietra Serena Dark Grey,Serena Flint,,Structured Honed,,598x598,Random 10 faces,"assortment option; not SKU, stock, lifecycle or Merch priority"
Assortment confirmation list with names 260618_1.xlsx,Subsize,36,I36,Pietra Serena Dark Grey,Serena Flint,,Structured Honed,,598x1198,Random 10 faces,"assortment option; not SKU, stock, lifecycle or Merch priority"
Assortment confirmation list with names 260618_1.xlsx,Subsize,36,I36,Pietra Serena Dark Grey,Serena Flint,,Structured Honed,,1198x1198,Random 10 faces,"assortment option; not SKU, stock, lifecycle or Merch priority"
Assortment confirmation list with names 260618_1.xlsx,Subsize,36,I36,Pietra Serena Dark Grey,Serena Flint,,Structured Honed,,898x898,Random 10 faces,"assortment option; not SKU, stock, lifecycle or Merch priority"
Assortment confirmation list with names 260618_1.xlsx,Subsize,36,I36,Pietra Serena Dark Grey,Serena Flint,,Structured Honed,,1198x2798,Random 10 faces,"assortment option; not SKU, stock, lifecycle or Merch priority"
Assortment confirmation list with names 260618_1.xlsx,Subsize,36,N36,Pietra Serena Dark Grey,Serena Flint,,Structured matt,,298x598,Random 10 faces,"assortment option; not SKU, stock, lifecycle or Merch priority"
Assortment confirmation list with names 260618_1.xlsx,Subsize,36,N36,Pietra Serena Dark Grey,Serena Flint,,Structured matt,,598x598,Random 10 faces,"assortment option; not SKU, stock, lifecycle or Merch priority"
Assortment confirmation list with names 260618_1.xlsx,Subsize,36,N36,Pietra Serena Dark Grey,Serena Flint,,Structured matt,,598x1198,Random 10 faces,"assortment option; not SKU, stock, lifecycle or Merch priority"
Assortment confirmation list with names 260618_1.xlsx,Subsize,36,N36,Pietra Serena Dark Grey,Serena Flint,,Structured matt,,1198x1198,Random 10 faces,"assortment option; not SKU, stock, lifecycle or Merch priority"
Assortment confirmation list with names 260618_1.xlsx,Subsize,36,N36,Pietra Serena Dark Grey,Serena Flint,,Structured matt,,898x898,Random 10 faces,"assortment option; not SKU, stock, lifecycle or Merch priority"
Assortment confirmation list with names 260618_1.xlsx,Subsize,36,N36,Pietra Serena Dark Grey,Serena Flint,,Structured matt,,1198x2798,Random 10 faces,"assortment option; not SKU, stock, lifecycle or Merch priority"
Assortment confirmation list with names 260618_1.xlsx,Subsize,36,N36,Pietra Serena Dark Grey,Serena Flint,,Structured matt,,4 inch Hexagon,Random 10 faces,"assortment option; not SKU, stock, lifecycle or Merch priority"
Assortment confirmation list with names 260618_1.xlsx,Subsize,36,O36,Pietra Serena Dark Grey,Serena Flint,Vintage,Structured matt,,298x598,Random 10 faces,"assortment option; not SKU, stock, lifecycle or Merch priority"
Assortment confirmation list with names 260618_1.xlsx,Subsize,36,O36,Pietra Serena Dark Grey,Serena Flint,Vintage,Structured matt,,598x598,Random 10 faces,"assortment option; not SKU, stock, lifecycle or Merch priority"
Assortment confirmation list with names 260618_1.xlsx,Subsize,36,O36,Pietra Serena Dark Grey,Serena Flint,Vintage,Structured matt,,598x1198,Random 10 faces,"assortment option; not SKU, stock, lifecycle or Merch priority"
Assortment confirmation list with names 260618_1.xlsx,Subsize,36,R36,Pietra Serena Dark Grey,Serena Flint,20mm,Structured matt,,60x120,Random 10 faces,"assortment option; not SKU, stock, lifecycle or Merch priority"
Assortment confirmation list with names 260618_1.xlsx,Subsize,36,R36,Pietra Serena Dark Grey,Serena Flint,20mm,Structured matt,,90x90,Random 10 faces,"assortment option; not SKU, stock, lifecycle or Merch priority"
Assortment confirmation list with names 260618_1.xlsx,Subsize,36,R36,Pietra Serena Dark Grey,Serena Flint,20mm,Structured matt,,Vintage,Random 10 faces,"assortment option; not SKU, stock, lifecycle or Merch priority"
Assortment confirmation list with names 260618_1.xlsx,Subsize,37,I37,Pietra Serena Warm Grey,Serena Crater,,Structured Honed,,298x598,Random 10 faces,"assortment option; not SKU, stock, lifecycle or Merch priority"
Assortment confirmation list with names 260618_1.xlsx,Subsize,37,I37,Pietra Serena Warm Grey,Serena Crater,,Structured Honed,,598x598,Random 10 faces,"assortment option; not SKU, stock, lifecycle or Merch priority"
Assortment confirmation list with names 260618_1.xlsx,Subsize,37,I37,Pietra Serena Warm Grey,Serena Crater,,Structured Honed,,598x1198,Random 10 faces,"assortment option; not SKU, stock, lifecycle or Merch priority"
Assortment confirmation list with names 260618_1.xlsx,Subsize,37,I37,Pietra Serena Warm Grey,Serena Crater,,Structured Honed,,1198x1198,Random 10 faces,"assortment option; not SKU, stock, lifecycle or Merch priority"
Assortment confirmation list with names 260618_1.xlsx,Subsize,37,I37,Pietra Serena Warm Grey,Serena Crater,,Structured Honed,,898x898,Random 10 faces,"assortment option; not SKU, stock, lifecycle or Merch priority"
Assortment confirmation list with names 260618_1.xlsx,Subsize,37,I37,Pietra Serena Warm Grey,Serena Crater,,Structured Honed,,1198x2798,Random 10 faces,"assortment option; not SKU, stock, lifecycle or Merch priority"
Assortment confirmation list with names 260618_1.xlsx,Subsize,37,N37,Pietra Serena Warm Grey,Serena Crater,,Structured matt,,298x598,Random 10 faces,"assortment option; not SKU, stock, lifecycle or Merch priority"
Assortment confirmation list with names 260618_1.xlsx,Subsize,37,N37,Pietra Serena Warm Grey,Serena Crater,,Structured matt,,598x598,Random 10 faces,"assortment option; not SKU, stock, lifecycle or Merch priority"
Assortment confirmation list with names 260618_1.xlsx,Subsize,37,N37,Pietra Serena Warm Grey,Serena Crater,,Structured matt,,598x1198,Random 10 faces,"assortment option; not SKU, stock, lifecycle or Merch priority"
Assortment confirmation list with names 260618_1.xlsx,Subsize,37,N37,Pietra Serena Warm Grey,Serena Crater,,Structured matt,,1198x1198,Random 10 faces,"assortment option; not SKU, stock, lifecycle or Merch priority"
Assortment confirmation list with names 260618_1.xlsx,Subsize,37,N37,Pietra Serena Warm Grey,Serena Crater,,Structured matt,,898x898,Random 10 faces,"assortment option; not SKU, stock, lifecycle or Merch priority"
Assortment confirmation list with names 260618_1.xlsx,Subsize,37,N37,Pietra Serena Warm Grey,Serena Crater,,Structured matt,,1198x2798,Random 10 faces,"assortment option; not SKU, stock, lifecycle or Merch priority"
Assortment confirmation list with names 260618_1.xlsx,Subsize,37,N37,Pietra Serena Warm Grey,Serena Crater,,Structured matt,,4 inch Hexagon,Random 10 faces,"assortment option; not SKU, stock, lifecycle or Merch priority"
Assortment confirmation list with names 260618_1.xlsx,Subsize,37,O37,Pietra Serena Warm Grey,Serena Crater,Vintage,Structured matt,,298x598,Random 10 faces,"assortment option; not SKU, stock, lifecycle or Merch priority"
Assortment confirmation list with names 260618_1.xlsx,Subsize,37,O37,Pietra Serena Warm Grey,Serena Crater,Vintage,Structured matt,,598x598,Random 10 faces,"assortment option; not SKU, stock, lifecycle or Merch priority"
Assortment confirmation list with names 260618_1.xlsx,Subsize,37,O37,Pietra Serena Warm Grey,Serena Crater,Vintage,Structured matt,,598x1198,Random 10 faces,"assortment option; not SKU, stock, lifecycle or Merch priority"
Assortment confirmation list with names 260618_1.xlsx,Subsize,37,R37,Pietra Serena Warm Grey,Serena Crater,20mm,Structured matt,,60x120,Random 10 faces,"assortment option; not SKU, stock, lifecycle or Merch priority"
Assortment confirmation list with names 260618_1.xlsx,Subsize,37,R37,Pietra Serena Warm Grey,Serena Crater,20mm,Structured matt,,90x90,Random 10 faces,"assortment option; not SKU, stock, lifecycle or Merch priority"
Assortment confirmation list with names 260618_1.xlsx,Subsize,37,R37,Pietra Serena Warm Grey,Serena Crater,20mm,Structured matt,,Vintage,Random 10 faces,"assortment option; not SKU, stock, lifecycle or Merch priority"
Assortment confirmation list with names 260618_1.xlsx,Subsize,38,I38,Pietra Serena Light Grey,Serena Shale,,Structured Honed,,298x598,Random 10 faces,"assortment option; not SKU, stock, lifecycle or Merch priority"
Assortment confirmation list with names 260618_1.xlsx,Subsize,38,I38,Pietra Serena Light Grey,Serena Shale,,Structured Honed,,598x598,Random 10 faces,"assortment option; not SKU, stock, lifecycle or Merch priority"
Assortment confirmation list with names 260618_1.xlsx,Subsize,38,I38,Pietra Serena Light Grey,Serena Shale,,Structured Honed,,598x1198,Random 10 faces,"assortment option; not SKU, stock, lifecycle or Merch priority"
Assortment confirmation list with names 260618_1.xlsx,Subsize,38,I38,Pietra Serena Light Grey,Serena Shale,,Structured Honed,,1198x1198,Random 10 faces,"assortment option; not SKU, stock, lifecycle or Merch priority"
Assortment confirmation list with names 260618_1.xlsx,Subsize,38,I38,Pietra Serena Light Grey,Serena Shale,,Structured Honed,,898x898,Random 10 faces,"assortment option; not SKU, stock, lifecycle or Merch priority"
Assortment confirmation list with names 260618_1.xlsx,Subsize,38,I38,Pietra Serena Light Grey,Serena Shale,,Structured Honed,,1198x2798,Random 10 faces,"assortment option; not SKU, stock, lifecycle or Merch priority"
Assortment confirmation list with names 260618_1.xlsx,Subsize,38,N38,Pietra Serena Light Grey,Serena Shale,,Structured matt,,298x598,Random 10 faces,"assortment option; not SKU, stock, lifecycle or Merch priority"
Assortment confirmation list with names 260618_1.xlsx,Subsize,38,N38,Pietra Serena Light Grey,Serena Shale,,Structured matt,,598x598,Random 10 faces,"assortment option; not SKU, stock, lifecycle or Merch priority"
Assortment confirmation list with names 260618_1.xlsx,Subsize,38,N38,Pietra Serena Light Grey,Serena Shale,,Structured matt,,598x1198,Random 10 faces,"assortment option; not SKU, stock, lifecycle or Merch priority"
Assortment confirmation list with names 260618_1.xlsx,Subsize,38,N38,Pietra Serena Light Grey,Serena Shale,,Structured matt,,1198x1198,Random 10 faces,"assortment option; not SKU, stock, lifecycle or Merch priority"
Assortment confirmation list with names 260618_1.xlsx,Subsize,38,N38,Pietra Serena Light Grey,Serena Shale,,Structured matt,,898x898,Random 10 faces,"assortment option; not SKU, stock, lifecycle or Merch priority"
Assortment confirmation list with names 260618_1.xlsx,Subsize,38,N38,Pietra Serena Light Grey,Serena Shale,,Structured matt,,1198x2798,Random 10 faces,"assortment option; not SKU, stock, lifecycle or Merch priority"
Assortment confirmation list with names 260618_1.xlsx,Subsize,38,N38,Pietra Serena Light Grey,Serena Shale,,Structured matt,,4 inch Hexagon,Random 10 faces,"assortment option; not SKU, stock, lifecycle or Merch priority"
Assortment confirmation list with names 260618_1.xlsx,Subsize,38,O38,Pietra Serena Light Grey,Serena Shale,Vintage,Structured matt,,298x598,Random 10 faces,"assortment option; not SKU, stock, lifecycle or Merch priority"
Assortment confirmation list with names 260618_1.xlsx,Subsize,38,O38,Pietra Serena Light Grey,Serena Shale,Vintage,Structured matt,,598x598,Random 10 faces,"assortment option; not SKU, stock, lifecycle or Merch priority"
Assortment confirmation list with names 260618_1.xlsx,Subsize,38,O38,Pietra Serena Light Grey,Serena Shale,Vintage,Structured matt,,598x1198,Random 10 faces,"assortment option; not SKU, stock, lifecycle or Merch priority"
Assortment confirmation list with names 260618_1.xlsx,Subsize,38,R38,Pietra Serena Light Grey,Serena Shale,20mm,Structured matt,,60x120,Random 10 faces,"assortment option; not SKU, stock, lifecycle or Merch priority"
Assortment confirmation list with names 260618_1.xlsx,Subsize,38,R38,Pietra Serena Light Grey,Serena Shale,20mm,Structured matt,,90x90,Random 10 faces,"assortment option; not SKU, stock, lifecycle or Merch priority"
Assortment confirmation list with names 260618_1.xlsx,Subsize,38,R38,Pietra Serena Light Grey,Serena Shale,20mm,Structured matt,,Vintage,Random 10 faces,"assortment option; not SKU, stock, lifecycle or Merch priority"
Assortment confirmation list with names 260618_1.xlsx,Subsize,39,I39,Pietra Serena Color 4,Serena Pewter,,Structured Honed,,298x598,Random 10 faces,"assortment option; not SKU, stock, lifecycle or Merch priority"
Assortment confirmation list with names 260618_1.xlsx,Subsize,39,I39,Pietra Serena Color 4,Serena Pewter,,Structured Honed,,598x598,Random 10 faces,"assortment option; not SKU, stock, lifecycle or Merch priority"
Assortment confirmation list with names 260618_1.xlsx,Subsize,39,I39,Pietra Serena Color 4,Serena Pewter,,Structured Honed,,598x1198,Random 10 faces,"assortment option; not SKU, stock, lifecycle or Merch priority"
Assortment confirmation list with names 260618_1.xlsx,Subsize,39,I39,Pietra Serena Color 4,Serena Pewter,,Structured Honed,,1198x1198,Random 10 faces,"assortment option; not SKU, stock, lifecycle or Merch priority"
Assortment confirmation list with names 260618_1.xlsx,Subsize,39,I39,Pietra Serena Color 4,Serena Pewter,,Structured Honed,,898x898,Random 10 faces,"assortment option; not SKU, stock, lifecycle or Merch priority"
Assortment confirmation list with names 260618_1.xlsx,Subsize,39,I39,Pietra Serena Color 4,Serena Pewter,,Structured Honed,,1198x2798,Random 10 faces,"assortment option; not SKU, stock, lifecycle or Merch priority"
Assortment confirmation list with names 260618_1.xlsx,Subsize,39,N39,Pietra Serena Color 4,Serena Pewter,,Structured matt,,298x598,Random 10 faces,"assortment option; not SKU, stock, lifecycle or Merch priority"
Assortment confirmation list with names 260618_1.xlsx,Subsize,39,N39,Pietra Serena Color 4,Serena Pewter,,Structured matt,,598x598,Random 10 faces,"assortment option; not SKU, stock, lifecycle or Merch priority"
Assortment confirmation list with names 260618_1.xlsx,Subsize,39,N39,Pietra Serena Color 4,Serena Pewter,,Structured matt,,598x1198,Random 10 faces,"assortment option; not SKU, stock, lifecycle or Merch priority"
Assortment confirmation list with names 260618_1.xlsx,Subsize,39,N39,Pietra Serena Color 4,Serena Pewter,,Structured matt,,1198x1198,Random 10 faces,"assortment option; not SKU, stock, lifecycle or Merch priority"
Assortment confirmation list with names 260618_1.xlsx,Subsize,39,N39,Pietra Serena Color 4,Serena Pewter,,Structured matt,,898x898,Random 10 faces,"assortment option; not SKU, stock, lifecycle or Merch priority"
Assortment confirmation list with names 260618_1.xlsx,Subsize,39,N39,Pietra Serena Color 4,Serena Pewter,,Structured matt,,1198x2798,Random 10 faces,"assortment option; not SKU, stock, lifecycle or Merch priority"
Assortment confirmation list with names 260618_1.xlsx,Subsize,39,N39,Pietra Serena Color 4,Serena Pewter,,Structured matt,,4 inch Hexagon,Random 10 faces,"assortment option; not SKU, stock, lifecycle or Merch priority"
Assortment confirmation list with names 260618_1.xlsx,Subsize,39,O39,Pietra Serena Color 4,Serena Pewter,Vintage,Structured matt,,298x598,Random 10 faces,"assortment option; not SKU, stock, lifecycle or Merch priority"
Assortment confirmation list with names 260618_1.xlsx,Subsize,39,O39,Pietra Serena Color 4,Serena Pewter,Vintage,Structured matt,,598x598,Random 10 faces,"assortment option; not SKU, stock, lifecycle or Merch priority"
Assortment confirmation list with names 260618_1.xlsx,Subsize,39,O39,Pietra Serena Color 4,Serena Pewter,Vintage,Structured matt,,598x1198,Random 10 faces,"assortment option; not SKU, stock, lifecycle or Merch priority"
Assortment confirmation list with names 260618_1.xlsx,Subsize,39,R39,Pietra Serena Color 4,Serena Pewter,20mm,Structured matt,,60x120,Random 10 faces,"assortment option; not SKU, stock, lifecycle or Merch priority"
Assortment confirmation list with names 260618_1.xlsx,Subsize,39,R39,Pietra Serena Color 4,Serena Pewter,20mm,Structured matt,,90x90,Random 10 faces,"assortment option; not SKU, stock, lifecycle or Merch priority"
Assortment confirmation list with names 260618_1.xlsx,Subsize,39,R39,Pietra Serena Color 4,Serena Pewter,20mm,Structured matt,,Vintage,Random 10 faces,"assortment option; not SKU, stock, lifecycle or Merch priority"
Assortment confirmation list with names 260618_1.xlsx,Subsize,40,I40,Pietra Serena Color 5,Serena Dusk,,Structured Honed,,298x598,Random 10 faces,"assortment option; not SKU, stock, lifecycle or Merch priority"
Assortment confirmation list with names 260618_1.xlsx,Subsize,40,I40,Pietra Serena Color 5,Serena Dusk,,Structured Honed,,598x598,Random 10 faces,"assortment option; not SKU, stock, lifecycle or Merch priority"
Assortment confirmation list with names 260618_1.xlsx,Subsize,40,I40,Pietra Serena Color 5,Serena Dusk,,Structured Honed,,598x1198,Random 10 faces,"assortment option; not SKU, stock, lifecycle or Merch priority"
Assortment confirmation list with names 260618_1.xlsx,Subsize,40,I40,Pietra Serena Color 5,Serena Dusk,,Structured Honed,,1198x1198,Random 10 faces,"assortment option; not SKU, stock, lifecycle or Merch priority"
Assortment confirmation list with names 260618_1.xlsx,Subsize,40,I40,Pietra Serena Color 5,Serena Dusk,,Structured Honed,,898x898,Random 10 faces,"assortment option; not SKU, stock, lifecycle or Merch priority"
Assortment confirmation list with names 260618_1.xlsx,Subsize,40,I40,Pietra Serena Color 5,Serena Dusk,,Structured Honed,,1198x2798,Random 10 faces,"assortment option; not SKU, stock, lifecycle or Merch priority"
Assortment confirmation list with names 260618_1.xlsx,Subsize,40,N40,Pietra Serena Color 5,Serena Dusk,,Structured matt,,298x598,Random 10 faces,"assortment option; not SKU, stock, lifecycle or Merch priority"
Assortment confirmation list with names 260618_1.xlsx,Subsize,40,N40,Pietra Serena Color 5,Serena Dusk,,Structured matt,,598x598,Random 10 faces,"assortment option; not SKU, stock, lifecycle or Merch priority"
Assortment confirmation list with names 260618_1.xlsx,Subsize,40,N40,Pietra Serena Color 5,Serena Dusk,,Structured matt,,598x1198,Random 10 faces,"assortment option; not SKU, stock, lifecycle or Merch priority"
Assortment confirmation list with names 260618_1.xlsx,Subsize,40,N40,Pietra Serena Color 5,Serena Dusk,,Structured matt,,1198x1198,Random 10 faces,"assortment option; not SKU, stock, lifecycle or Merch priority"
Assortment confirmation list with names 260618_1.xlsx,Subsize,40,N40,Pietra Serena Color 5,Serena Dusk,,Structured matt,,898x898,Random 10 faces,"assortment option; not SKU, stock, lifecycle or Merch priority"
Assortment confirmation list with names 260618_1.xlsx,Subsize,40,N40,Pietra Serena Color 5,Serena Dusk,,Structured matt,,1198x2798,Random 10 faces,"assortment option; not SKU, stock, lifecycle or Merch priority"
Assortment confirmation list with names 260618_1.xlsx,Subsize,40,N40,Pietra Serena Color 5,Serena Dusk,,Structured matt,,4 inch Hexagon,Random 10 faces,"assortment option; not SKU, stock, lifecycle or Merch priority"
Assortment confirmation list with names 260618_1.xlsx,Subsize,40,O40,Pietra Serena Color 5,Serena Dusk,Vintage,Structured matt,,298x598,Random 10 faces,"assortment option; not SKU, stock, lifecycle or Merch priority"
Assortment confirmation list with names 260618_1.xlsx,Subsize,40,O40,Pietra Serena Color 5,Serena Dusk,Vintage,Structured matt,,598x598,Random 10 faces,"assortment option; not SKU, stock, lifecycle or Merch priority"
Assortment confirmation list with names 260618_1.xlsx,Subsize,40,O40,Pietra Serena Color 5,Serena Dusk,Vintage,Structured matt,,598x1198,Random 10 faces,"assortment option; not SKU, stock, lifecycle or Merch priority"
Assortment confirmation list with names 260618_1.xlsx,Subsize,40,R40,Pietra Serena Color 5,Serena Dusk,20mm,Structured matt,,60x120,Random 10 faces,"assortment option; not SKU, stock, lifecycle or Merch priority"
Assortment confirmation list with names 260618_1.xlsx,Subsize,40,R40,Pietra Serena Color 5,Serena Dusk,20mm,Structured matt,,90x90,Random 10 faces,"assortment option; not SKU, stock, lifecycle or Merch priority"
Assortment confirmation list with names 260618_1.xlsx,Subsize,40,R40,Pietra Serena Color 5,Serena Dusk,20mm,Structured matt,,Vintage,Random 10 faces,"assortment option; not SKU, stock, lifecycle or Merch priority"
Assortment confirmation list with names 260618_1.xlsx,Subsize,41,I41,Pietra Serena Color 6,Serena Valley,,Structured Honed,,298x598,Random 10 faces,"assortment option; not SKU, stock, lifecycle or Merch priority"
Assortment confirmation list with names 260618_1.xlsx,Subsize,41,I41,Pietra Serena Color 6,Serena Valley,,Structured Honed,,598x598,Random 10 faces,"assortment option; not SKU, stock, lifecycle or Merch priority"
Assortment confirmation list with names 260618_1.xlsx,Subsize,41,I41,Pietra Serena Color 6,Serena Valley,,Structured Honed,,598x1198,Random 10 faces,"assortment option; not SKU, stock, lifecycle or Merch priority"
Assortment confirmation list with names 260618_1.xlsx,Subsize,41,I41,Pietra Serena Color 6,Serena Valley,,Structured Honed,,1198x1198,Random 10 faces,"assortment option; not SKU, stock, lifecycle or Merch priority"
Assortment confirmation list with names 260618_1.xlsx,Subsize,41,I41,Pietra Serena Color 6,Serena Valley,,Structured Honed,,898x898,Random 10 faces,"assortment option; not SKU, stock, lifecycle or Merch priority"
Assortment confirmation list with names 260618_1.xlsx,Subsize,41,I41,Pietra Serena Color 6,Serena Valley,,Structured Honed,,1198x2798,Random 10 faces,"assortment option; not SKU, stock, lifecycle or Merch priority"
Assortment confirmation list with names 260618_1.xlsx,Subsize,41,N41,Pietra Serena Color 6,Serena Valley,,Structured matt,,298x598,Random 10 faces,"assortment option; not SKU, stock, lifecycle or Merch priority"
Assortment confirmation list with names 260618_1.xlsx,Subsize,41,N41,Pietra Serena Color 6,Serena Valley,,Structured matt,,598x598,Random 10 faces,"assortment option; not SKU, stock, lifecycle or Merch priority"
Assortment confirmation list with names 260618_1.xlsx,Subsize,41,N41,Pietra Serena Color 6,Serena Valley,,Structured matt,,598x1198,Random 10 faces,"assortment option; not SKU, stock, lifecycle or Merch priority"
Assortment confirmation list with names 260618_1.xlsx,Subsize,41,N41,Pietra Serena Color 6,Serena Valley,,Structured matt,,1198x1198,Random 10 faces,"assortment option; not SKU, stock, lifecycle or Merch priority"
Assortment confirmation list with names 260618_1.xlsx,Subsize,41,N41,Pietra Serena Color 6,Serena Valley,,Structured matt,,898x898,Random 10 faces,"assortment option; not SKU, stock, lifecycle or Merch priority"
Assortment confirmation list with names 260618_1.xlsx,Subsize,41,N41,Pietra Serena Color 6,Serena Valley,,Structured matt,,1198x2798,Random 10 faces,"assortment option; not SKU, stock, lifecycle or Merch priority"
Assortment confirmation list with names 260618_1.xlsx,Subsize,41,N41,Pietra Serena Color 6,Serena Valley,,Structured matt,,4 inch Hexagon,Random 10 faces,"assortment option; not SKU, stock, lifecycle or Merch priority"
Assortment confirmation list with names 260618_1.xlsx,Subsize,41,O41,Pietra Serena Color 6,Serena Valley,Vintage,Structured matt,,298x598,Random 10 faces,"assortment option; not SKU, stock, lifecycle or Merch priority"
Assortment confirmation list with names 260618_1.xlsx,Subsize,41,O41,Pietra Serena Color 6,Serena Valley,Vintage,Structured matt,,598x598,Random 10 faces,"assortment option; not SKU, stock, lifecycle or Merch priority"
Assortment confirmation list with names 260618_1.xlsx,Subsize,41,O41,Pietra Serena Color 6,Serena Valley,Vintage,Structured matt,,598x1198,Random 10 faces,"assortment option; not SKU, stock, lifecycle or Merch priority"
Assortment confirmation list with names 260618_1.xlsx,Subsize,41,R41,Pietra Serena Color 6,Serena Valley,20mm,Structured matt,,60x120,Random 10 faces,"assortment option; not SKU, stock, lifecycle or Merch priority"
Assortment confirmation list with names 260618_1.xlsx,Subsize,41,R41,Pietra Serena Color 6,Serena Valley,20mm,Structured matt,,90x90,Random 10 faces,"assortment option; not SKU, stock, lifecycle or Merch priority"
Assortment confirmation list with names 260618_1.xlsx,Subsize,41,R41,Pietra Serena Color 6,Serena Valley,20mm,Structured matt,,Vintage,Random 10 faces,"assortment option; not SKU, stock, lifecycle or Merch priority"
Assortment confirmation list with names 260618_1.xlsx,Subsize,43,I43,Halila Limestone Crosscut ivory,Lithoform Dunes - Crosscut,,Structured Honed,,298x598,Random 10 faces,"assortment option; not SKU, stock, lifecycle or Merch priority"
Assortment confirmation list with names 260618_1.xlsx,Subsize,43,I43,Halila Limestone Crosscut ivory,Lithoform Dunes - Crosscut,,Structured Honed,,598x598,Random 10 faces,"assortment option; not SKU, stock, lifecycle or Merch priority"
Assortment confirmation list with names 260618_1.xlsx,Subsize,43,I43,Halila Limestone Crosscut ivory,Lithoform Dunes - Crosscut,,Structured Honed,,598x1198,Random 10 faces,"assortment option; not SKU, stock, lifecycle or Merch priority"
Assortment confirmation list with names 260618_1.xlsx,Subsize,43,I43,Halila Limestone Crosscut ivory,Lithoform Dunes - Crosscut,,Structured Honed,,1198x1198,Random 10 faces,"assortment option; not SKU, stock, lifecycle or Merch priority"
Assortment confirmation list with names 260618_1.xlsx,Subsize,43,I43,Halila Limestone Crosscut ivory,Lithoform Dunes - Crosscut,,Structured Honed,,898x898,Random 10 faces,"assortment option; not SKU, stock, lifecycle or Merch priority"
Assortment confirmation list with names 260618_1.xlsx,Subsize,43,I43,Halila Limestone Crosscut ivory,Lithoform Dunes - Crosscut,,Structured Honed,,1198x2798,Random 10 faces,"assortment option; not SKU, stock, lifecycle or Merch priority"
Assortment confirmation list with names 260618_1.xlsx,Subsize,43,N43,Halila Limestone Crosscut ivory,Lithoform Dunes - Crosscut,,Structured matt,,298x598,Random 10 faces,"assortment option; not SKU, stock, lifecycle or Merch priority"
Assortment confirmation list with names 260618_1.xlsx,Subsize,43,N43,Halila Limestone Crosscut ivory,Lithoform Dunes - Crosscut,,Structured matt,,598x598,Random 10 faces,"assortment option; not SKU, stock, lifecycle or Merch priority"
Assortment confirmation list with names 260618_1.xlsx,Subsize,43,N43,Halila Limestone Crosscut ivory,Lithoform Dunes - Crosscut,,Structured matt,,598x1198,Random 10 faces,"assortment option; not SKU, stock, lifecycle or Merch priority"
Assortment confirmation list with names 260618_1.xlsx,Subsize,43,N43,Halila Limestone Crosscut ivory,Lithoform Dunes - Crosscut,,Structured matt,,1198x1198,Random 10 faces,"assortment option; not SKU, stock, lifecycle or Merch priority"
Assortment confirmation list with names 260618_1.xlsx,Subsize,43,N43,Halila Limestone Crosscut ivory,Lithoform Dunes - Crosscut,,Structured matt,,898x898,Random 10 faces,"assortment option; not SKU, stock, lifecycle or Merch priority"
Assortment confirmation list with names 260618_1.xlsx,Subsize,43,N43,Halila Limestone Crosscut ivory,Lithoform Dunes - Crosscut,,Structured matt,,1198x2798,Random 10 faces,"assortment option; not SKU, stock, lifecycle or Merch priority"
Assortment confirmation list with names 260618_1.xlsx,Subsize,43,N43,Halila Limestone Crosscut ivory,Lithoform Dunes - Crosscut,,Structured matt,,4 inch Hexagon,Random 10 faces,"assortment option; not SKU, stock, lifecycle or Merch priority"
Assortment confirmation list with names 260618_1.xlsx,Subsize,43,O43,Halila Limestone Crosscut ivory,Lithoform Dunes - Crosscut,Vintage,Structured matt,,298x598,Random 10 faces,"assortment option; not SKU, stock, lifecycle or Merch priority"
Assortment confirmation list with names 260618_1.xlsx,Subsize,43,O43,Halila Limestone Crosscut ivory,Lithoform Dunes - Crosscut,Vintage,Structured matt,,598x598,Random 10 faces,"assortment option; not SKU, stock, lifecycle or Merch priority"
Assortment confirmation list with names 260618_1.xlsx,Subsize,43,O43,Halila Limestone Crosscut ivory,Lithoform Dunes - Crosscut,Vintage,Structured matt,,598x1198,Random 10 faces,"assortment option; not SKU, stock, lifecycle or Merch priority"
Assortment confirmation list with names 260618_1.xlsx,Subsize,43,R43,Halila Limestone Crosscut ivory,Lithoform Dunes - Crosscut,20mm,Structured matt,,60x120,Random 10 faces,"assortment option; not SKU, stock, lifecycle or Merch priority"
Assortment confirmation list with names 260618_1.xlsx,Subsize,43,R43,Halila Limestone Crosscut ivory,Lithoform Dunes - Crosscut,20mm,Structured matt,,90x90,Random 10 faces,"assortment option; not SKU, stock, lifecycle or Merch priority"
Assortment confirmation list with names 260618_1.xlsx,Subsize,43,R43,Halila Limestone Crosscut ivory,Lithoform Dunes - Crosscut,20mm,Structured matt,,Vintage,Random 10 faces,"assortment option; not SKU, stock, lifecycle or Merch priority"
Assortment confirmation list with names 260618_1.xlsx,Subsize,44,I44,Halila Limestone Crosscut Beige,Lithoform Coast - Crosscut,,Structured Honed,,298x598,Random 10 faces,"assortment option; not SKU, stock, lifecycle or Merch priority"
Assortment confirmation list with names 260618_1.xlsx,Subsize,44,I44,Halila Limestone Crosscut Beige,Lithoform Coast - Crosscut,,Structured Honed,,598x598,Random 10 faces,"assortment option; not SKU, stock, lifecycle or Merch priority"
Assortment confirmation list with names 260618_1.xlsx,Subsize,44,I44,Halila Limestone Crosscut Beige,Lithoform Coast - Crosscut,,Structured Honed,,598x1198,Random 10 faces,"assortment option; not SKU, stock, lifecycle or Merch priority"
Assortment confirmation list with names 260618_1.xlsx,Subsize,44,I44,Halila Limestone Crosscut Beige,Lithoform Coast - Crosscut,,Structured Honed,,1198x1198,Random 10 faces,"assortment option; not SKU, stock, lifecycle or Merch priority"
Assortment confirmation list with names 260618_1.xlsx,Subsize,44,I44,Halila Limestone Crosscut Beige,Lithoform Coast - Crosscut,,Structured Honed,,898x898,Random 10 faces,"assortment option; not SKU, stock, lifecycle or Merch priority"
Assortment confirmation list with names 260618_1.xlsx,Subsize,44,I44,Halila Limestone Crosscut Beige,Lithoform Coast - Crosscut,,Structured Honed,,1198x2798,Random 10 faces,"assortment option; not SKU, stock, lifecycle or Merch priority"
Assortment confirmation list with names 260618_1.xlsx,Subsize,44,N44,Halila Limestone Crosscut Beige,Lithoform Coast - Crosscut,,Structured matt,,298x598,Random 10 faces,"assortment option; not SKU, stock, lifecycle or Merch priority"
Assortment confirmation list with names 260618_1.xlsx,Subsize,44,N44,Halila Limestone Crosscut Beige,Lithoform Coast - Crosscut,,Structured matt,,598x598,Random 10 faces,"assortment option; not SKU, stock, lifecycle or Merch priority"
Assortment confirmation list with names 260618_1.xlsx,Subsize,44,N44,Halila Limestone Crosscut Beige,Lithoform Coast - Crosscut,,Structured matt,,598x1198,Random 10 faces,"assortment option; not SKU, stock, lifecycle or Merch priority"
Assortment confirmation list with names 260618_1.xlsx,Subsize,44,N44,Halila Limestone Crosscut Beige,Lithoform Coast - Crosscut,,Structured matt,,1198x1198,Random 10 faces,"assortment option; not SKU, stock, lifecycle or Merch priority"
Assortment confirmation list with names 260618_1.xlsx,Subsize,44,N44,Halila Limestone Crosscut Beige,Lithoform Coast - Crosscut,,Structured matt,,898x898,Random 10 faces,"assortment option; not SKU, stock, lifecycle or Merch priority"
Assortment confirmation list with names 260618_1.xlsx,Subsize,44,N44,Halila Limestone Crosscut Beige,Lithoform Coast - Crosscut,,Structured matt,,1198x2798,Random 10 faces,"assortment option; not SKU, stock, lifecycle or Merch priority"
Assortment confirmation list with names 260618_1.xlsx,Subsize,44,N44,Halila Limestone Crosscut Beige,Lithoform Coast - Crosscut,,Structured matt,,4 inch Hexagon,Random 10 faces,"assortment option; not SKU, stock, lifecycle or Merch priority"
Assortment confirmation list with names 260618_1.xlsx,Subsize,44,O44,Halila Limestone Crosscut Beige,Lithoform Coast - Crosscut,Vintage,Structured matt,,298x598,Random 10 faces,"assortment option; not SKU, stock, lifecycle or Merch priority"
Assortment confirmation list with names 260618_1.xlsx,Subsize,44,O44,Halila Limestone Crosscut Beige,Lithoform Coast - Crosscut,Vintage,Structured matt,,598x598,Random 10 faces,"assortment option; not SKU, stock, lifecycle or Merch priority"
Assortment confirmation list with names 260618_1.xlsx,Subsize,44,O44,Halila Limestone Crosscut Beige,Lithoform Coast - Crosscut,Vintage,Structured matt,,598x1198,Random 10 faces,"assortment option; not SKU, stock, lifecycle or Merch priority"
Assortment confirmation list with names 260618_1.xlsx,Subsize,44,R44,Halila Limestone Crosscut Beige,Lithoform Coast - Crosscut,20mm,Structured matt,,60x120,Random 10 faces,"assortment option; not SKU, stock, lifecycle or Merch priority"
Assortment confirmation list with names 260618_1.xlsx,Subsize,44,R44,Halila Limestone Crosscut Beige,Lithoform Coast - Crosscut,20mm,Structured matt,,90x90,Random 10 faces,"assortment option; not SKU, stock, lifecycle or Merch priority"
Assortment confirmation list with names 260618_1.xlsx,Subsize,44,R44,Halila Limestone Crosscut Beige,Lithoform Coast - Crosscut,20mm,Structured matt,,Vintage,Random 10 faces,"assortment option; not SKU, stock, lifecycle or Merch priority"
Assortment confirmation list with names 260618_1.xlsx,Subsize,45,I45,Halila Limestone Crosscut Grey,Lithoform Vista - Crosscut,,Structured Honed,,298x598,Random 10 faces,"assortment option; not SKU, stock, lifecycle or Merch priority"
Assortment confirmation list with names 260618_1.xlsx,Subsize,45,I45,Halila Limestone Crosscut Grey,Lithoform Vista - Crosscut,,Structured Honed,,598x598,Random 10 faces,"assortment option; not SKU, stock, lifecycle or Merch priority"
Assortment confirmation list with names 260618_1.xlsx,Subsize,45,I45,Halila Limestone Crosscut Grey,Lithoform Vista - Crosscut,,Structured Honed,,598x1198,Random 10 faces,"assortment option; not SKU, stock, lifecycle or Merch priority"
Assortment confirmation list with names 260618_1.xlsx,Subsize,45,I45,Halila Limestone Crosscut Grey,Lithoform Vista - Crosscut,,Structured Honed,,1198x1198,Random 10 faces,"assortment option; not SKU, stock, lifecycle or Merch priority"
Assortment confirmation list with names 260618_1.xlsx,Subsize,45,I45,Halila Limestone Crosscut Grey,Lithoform Vista - Crosscut,,Structured Honed,,898x898,Random 10 faces,"assortment option; not SKU, stock, lifecycle or Merch priority"
Assortment confirmation list with names 260618_1.xlsx,Subsize,45,I45,Halila Limestone Crosscut Grey,Lithoform Vista - Crosscut,,Structured Honed,,1198x2798,Random 10 faces,"assortment option; not SKU, stock, lifecycle or Merch priority"
Assortment confirmation list with names 260618_1.xlsx,Subsize,45,N45,Halila Limestone Crosscut Grey,Lithoform Vista - Crosscut,,Structured matt,,298x598,Random 10 faces,"assortment option; not SKU, stock, lifecycle or Merch priority"
Assortment confirmation list with names 260618_1.xlsx,Subsize,45,N45,Halila Limestone Crosscut Grey,Lithoform Vista - Crosscut,,Structured matt,,598x598,Random 10 faces,"assortment option; not SKU, stock, lifecycle or Merch priority"
Assortment confirmation list with names 260618_1.xlsx,Subsize,45,N45,Halila Limestone Crosscut Grey,Lithoform Vista - Crosscut,,Structured matt,,598x1198,Random 10 faces,"assortment option; not SKU, stock, lifecycle or Merch priority"
Assortment confirmation list with names 260618_1.xlsx,Subsize,45,N45,Halila Limestone Crosscut Grey,Lithoform Vista - Crosscut,,Structured matt,,1198x1198,Random 10 faces,"assortment option; not SKU, stock, lifecycle or Merch priority"
Assortment confirmation list with names 260618_1.xlsx,Subsize,45,N45,Halila Limestone Crosscut Grey,Lithoform Vista - Crosscut,,Structured matt,,898x898,Random 10 faces,"assortment option; not SKU, stock, lifecycle or Merch priority"
Assortment confirmation list with names 260618_1.xlsx,Subsize,45,N45,Halila Limestone Crosscut Grey,Lithoform Vista - Crosscut,,Structured matt,,1198x2798,Random 10 faces,"assortment option; not SKU, stock, lifecycle or Merch priority"
Assortment confirmation list with names 260618_1.xlsx,Subsize,45,N45,Halila Limestone Crosscut Grey,Lithoform Vista - Crosscut,,Structured matt,,4 inch Hexagon,Random 10 faces,"assortment option; not SKU, stock, lifecycle or Merch priority"
Assortment confirmation list with names 260618_1.xlsx,Subsize,45,O45,Halila Limestone Crosscut Grey,Lithoform Vista - Crosscut,Vintage,Structured matt,,298x598,Random 10 faces,"assortment option; not SKU, stock, lifecycle or Merch priority"
Assortment confirmation list with names 260618_1.xlsx,Subsize,45,O45,Halila Limestone Crosscut Grey,Lithoform Vista - Crosscut,Vintage,Structured matt,,598x598,Random 10 faces,"assortment option; not SKU, stock, lifecycle or Merch priority"
Assortment confirmation list with names 260618_1.xlsx,Subsize,45,O45,Halila Limestone Crosscut Grey,Lithoform Vista - Crosscut,Vintage,Structured matt,,598x1198,Random 10 faces,"assortment option; not SKU, stock, lifecycle or Merch priority"
Assortment confirmation list with names 260618_1.xlsx,Subsize,45,R45,Halila Limestone Crosscut Grey,Lithoform Vista - Crosscut,20mm,Structured matt,,60x120,Random 10 faces,"assortment option; not SKU, stock, lifecycle or Merch priority"
Assortment confirmation list with names 260618_1.xlsx,Subsize,45,R45,Halila Limestone Crosscut Grey,Lithoform Vista - Crosscut,20mm,Structured matt,,90x90,Random 10 faces,"assortment option; not SKU, stock, lifecycle or Merch priority"
Assortment confirmation list with names 260618_1.xlsx,Subsize,45,R45,Halila Limestone Crosscut Grey,Lithoform Vista - Crosscut,20mm,Structured matt,,Vintage,Random 10 faces,"assortment option; not SKU, stock, lifecycle or Merch priority"
Assortment confirmation list with names 260618_1.xlsx,Subsize,46,I46,Halila Limestone Crosscut Color 4,Lithoform Twilight - Crosscut,,Structured Honed,,298x598,Random 10 faces,"assortment option; not SKU, stock, lifecycle or Merch priority"
Assortment confirmation list with names 260618_1.xlsx,Subsize,46,I46,Halila Limestone Crosscut Color 4,Lithoform Twilight - Crosscut,,Structured Honed,,598x598,Random 10 faces,"assortment option; not SKU, stock, lifecycle or Merch priority"
Assortment confirmation list with names 260618_1.xlsx,Subsize,46,I46,Halila Limestone Crosscut Color 4,Lithoform Twilight - Crosscut,,Structured Honed,,598x1198,Random 10 faces,"assortment option; not SKU, stock, lifecycle or Merch priority"
Assortment confirmation list with names 260618_1.xlsx,Subsize,46,I46,Halila Limestone Crosscut Color 4,Lithoform Twilight - Crosscut,,Structured Honed,,1198x1198,Random 10 faces,"assortment option; not SKU, stock, lifecycle or Merch priority"
Assortment confirmation list with names 260618_1.xlsx,Subsize,46,I46,Halila Limestone Crosscut Color 4,Lithoform Twilight - Crosscut,,Structured Honed,,898x898,Random 10 faces,"assortment option; not SKU, stock, lifecycle or Merch priority"
Assortment confirmation list with names 260618_1.xlsx,Subsize,46,I46,Halila Limestone Crosscut Color 4,Lithoform Twilight - Crosscut,,Structured Honed,,1198x2798,Random 10 faces,"assortment option; not SKU, stock, lifecycle or Merch priority"
Assortment confirmation list with names 260618_1.xlsx,Subsize,46,N46,Halila Limestone Crosscut Color 4,Lithoform Twilight - Crosscut,,Structured matt,,298x598,Random 10 faces,"assortment option; not SKU, stock, lifecycle or Merch priority"
Assortment confirmation list with names 260618_1.xlsx,Subsize,46,N46,Halila Limestone Crosscut Color 4,Lithoform Twilight - Crosscut,,Structured matt,,598x598,Random 10 faces,"assortment option; not SKU, stock, lifecycle or Merch priority"
Assortment confirmation list with names 260618_1.xlsx,Subsize,46,N46,Halila Limestone Crosscut Color 4,Lithoform Twilight - Crosscut,,Structured matt,,598x1198,Random 10 faces,"assortment option; not SKU, stock, lifecycle or Merch priority"
Assortment confirmation list with names 260618_1.xlsx,Subsize,46,N46,Halila Limestone Crosscut Color 4,Lithoform Twilight - Crosscut,,Structured matt,,1198x1198,Random 10 faces,"assortment option; not SKU, stock, lifecycle or Merch priority"
Assortment confirmation list with names 260618_1.xlsx,Subsize,46,N46,Halila Limestone Crosscut Color 4,Lithoform Twilight - Crosscut,,Structured matt,,898x898,Random 10 faces,"assortment option; not SKU, stock, lifecycle or Merch priority"
Assortment confirmation list with names 260618_1.xlsx,Subsize,46,N46,Halila Limestone Crosscut Color 4,Lithoform Twilight - Crosscut,,Structured matt,,1198x2798,Random 10 faces,"assortment option; not SKU, stock, lifecycle or Merch priority"
Assortment confirmation list with names 260618_1.xlsx,Subsize,46,N46,Halila Limestone Crosscut Color 4,Lithoform Twilight - Crosscut,,Structured matt,,4 inch Hexagon,Random 10 faces,"assortment option; not SKU, stock, lifecycle or Merch priority"
Assortment confirmation list with names 260618_1.xlsx,Subsize,46,O46,Halila Limestone Crosscut Color 4,Lithoform Twilight - Crosscut,Vintage,Structured matt,,298x598,Random 10 faces,"assortment option; not SKU, stock, lifecycle or Merch priority"
Assortment confirmation list with names 260618_1.xlsx,Subsize,46,O46,Halila Limestone Crosscut Color 4,Lithoform Twilight - Crosscut,Vintage,Structured matt,,598x598,Random 10 faces,"assortment option; not SKU, stock, lifecycle or Merch priority"
Assortment confirmation list with names 260618_1.xlsx,Subsize,46,O46,Halila Limestone Crosscut Color 4,Lithoform Twilight - Crosscut,Vintage,Structured matt,,598x1198,Random 10 faces,"assortment option; not SKU, stock, lifecycle or Merch priority"
Assortment confirmation list with names 260618_1.xlsx,Subsize,46,R46,Halila Limestone Crosscut Color 4,Lithoform Twilight - Crosscut,20mm,Structured matt,,60x120,Random 10 faces,"assortment option; not SKU, stock, lifecycle or Merch priority"
Assortment confirmation list with names 260618_1.xlsx,Subsize,46,R46,Halila Limestone Crosscut Color 4,Lithoform Twilight - Crosscut,20mm,Structured matt,,90x90,Random 10 faces,"assortment option; not SKU, stock, lifecycle or Merch priority"
Assortment confirmation list with names 260618_1.xlsx,Subsize,46,R46,Halila Limestone Crosscut Color 4,Lithoform Twilight - Crosscut,20mm,Structured matt,,Vintage,Random 10 faces,"assortment option; not SKU, stock, lifecycle or Merch priority"
Assortment confirmation list with names 260618_1.xlsx,Subsize,47,I47,Halila Limestone Viencut ivory,Lithoform Dunes - Veincut,,Structured Honed,,298x598,Random 8 faces,"assortment option; not SKU, stock, lifecycle or Merch priority"
Assortment confirmation list with names 260618_1.xlsx,Subsize,47,I47,Halila Limestone Viencut ivory,Lithoform Dunes - Veincut,,Structured Honed,,598x1198,Random 8 faces,"assortment option; not SKU, stock, lifecycle or Merch priority"
Assortment confirmation list with names 260618_1.xlsx,Subsize,47,I47,Halila Limestone Viencut ivory,Lithoform Dunes - Veincut,,Structured Honed,,898x1798,Random 8 faces,"assortment option; not SKU, stock, lifecycle or Merch priority"
Assortment confirmation list with names 260618_1.xlsx,Subsize,47,I47,Halila Limestone Viencut ivory,Lithoform Dunes - Veincut,,Structured Honed,,1198x2798,Random 8 faces,"assortment option; not SKU, stock, lifecycle or Merch priority"
Assortment confirmation list with names 260618_1.xlsx,Subsize,47,N47,Halila Limestone Viencut ivory,Lithoform Dunes - Veincut,,Structured matt,,298x598,Random 8 faces,"assortment option; not SKU, stock, lifecycle or Merch priority"
Assortment confirmation list with names 260618_1.xlsx,Subsize,47,N47,Halila Limestone Viencut ivory,Lithoform Dunes - Veincut,,Structured matt,,598x1198,Random 8 faces,"assortment option; not SKU, stock, lifecycle or Merch priority"
Assortment confirmation list with names 260618_1.xlsx,Subsize,47,N47,Halila Limestone Viencut ivory,Lithoform Dunes - Veincut,,Structured matt,,898x1798,Random 8 faces,"assortment option; not SKU, stock, lifecycle or Merch priority"
Assortment confirmation list with names 260618_1.xlsx,Subsize,47,N47,Halila Limestone Viencut ivory,Lithoform Dunes - Veincut,,Structured matt,,1198x2798,Random 8 faces,"assortment option; not SKU, stock, lifecycle or Merch priority"
Assortment confirmation list with names 260618_1.xlsx,Subsize,47,N47,Halila Limestone Viencut ivory,Lithoform Dunes - Veincut,,Structured matt,,2 inch Hexagon,Random 8 faces,"assortment option; not SKU, stock, lifecycle or Merch priority"
Assortment confirmation list with names 260618_1.xlsx,Subsize,47,O47,Halila Limestone Viencut ivory,Lithoform Dunes - Veincut,Vintage,Structured matt,,298x598,Random 8 faces,"assortment option; not SKU, stock, lifecycle or Merch priority"
Assortment confirmation list with names 260618_1.xlsx,Subsize,47,O47,Halila Limestone Viencut ivory,Lithoform Dunes - Veincut,Vintage,Structured matt,,898x1798,Random 8 faces,"assortment option; not SKU, stock, lifecycle or Merch priority"
Assortment confirmation list with names 260618_1.xlsx,Subsize,47,O47,Halila Limestone Viencut ivory,Lithoform Dunes - Veincut,Vintage,Structured matt,,598x1198,Random 8 faces,"assortment option; not SKU, stock, lifecycle or Merch priority"
Assortment confirmation list with names 260618_1.xlsx,Subsize,47,R47,Halila Limestone Viencut ivory,Lithoform Dunes - Veincut,20mm,Structured matt,,60x120,Random 8 faces,"assortment option; not SKU, stock, lifecycle or Merch priority"
Assortment confirmation list with names 260618_1.xlsx,Subsize,47,R47,Halila Limestone Viencut ivory,Lithoform Dunes - Veincut,20mm,Structured matt,,Vintage,Random 8 faces,"assortment option; not SKU, stock, lifecycle or Merch priority"
Assortment confirmation list with names 260618_1.xlsx,Subsize,48,I48,Halila Limestone Viencut Beige,Lithoform Coast - Veincut,,Structured Honed,,298x598,Random 8 faces,"assortment option; not SKU, stock, lifecycle or Merch priority"
Assortment confirmation list with names 260618_1.xlsx,Subsize,48,I48,Halila Limestone Viencut Beige,Lithoform Coast - Veincut,,Structured Honed,,598x1198,Random 8 faces,"assortment option; not SKU, stock, lifecycle or Merch priority"
Assortment confirmation list with names 260618_1.xlsx,Subsize,48,I48,Halila Limestone Viencut Beige,Lithoform Coast - Veincut,,Structured Honed,,898x1798,Random 8 faces,"assortment option; not SKU, stock, lifecycle or Merch priority"
Assortment confirmation list with names 260618_1.xlsx,Subsize,48,I48,Halila Limestone Viencut Beige,Lithoform Coast - Veincut,,Structured Honed,,1198x2798,Random 8 faces,"assortment option; not SKU, stock, lifecycle or Merch priority"
Assortment confirmation list with names 260618_1.xlsx,Subsize,48,N48,Halila Limestone Viencut Beige,Lithoform Coast - Veincut,,Structured matt,,298x598,Random 8 faces,"assortment option; not SKU, stock, lifecycle or Merch priority"
Assortment confirmation list with names 260618_1.xlsx,Subsize,48,N48,Halila Limestone Viencut Beige,Lithoform Coast - Veincut,,Structured matt,,598x1198,Random 8 faces,"assortment option; not SKU, stock, lifecycle or Merch priority"
Assortment confirmation list with names 260618_1.xlsx,Subsize,48,N48,Halila Limestone Viencut Beige,Lithoform Coast - Veincut,,Structured matt,,898x1798,Random 8 faces,"assortment option; not SKU, stock, lifecycle or Merch priority"
Assortment confirmation list with names 260618_1.xlsx,Subsize,48,N48,Halila Limestone Viencut Beige,Lithoform Coast - Veincut,,Structured matt,,1198x2798,Random 8 faces,"assortment option; not SKU, stock, lifecycle or Merch priority"
Assortment confirmation list with names 260618_1.xlsx,Subsize,48,N48,Halila Limestone Viencut Beige,Lithoform Coast - Veincut,,Structured matt,,2 inch Hexagon,Random 8 faces,"assortment option; not SKU, stock, lifecycle or Merch priority"
Assortment confirmation list with names 260618_1.xlsx,Subsize,48,O48,Halila Limestone Viencut Beige,Lithoform Coast - Veincut,Vintage,Structured matt,,298x598,Random 8 faces,"assortment option; not SKU, stock, lifecycle or Merch priority"
Assortment confirmation list with names 260618_1.xlsx,Subsize,48,O48,Halila Limestone Viencut Beige,Lithoform Coast - Veincut,Vintage,Structured matt,,898x1798,Random 8 faces,"assortment option; not SKU, stock, lifecycle or Merch priority"
Assortment confirmation list with names 260618_1.xlsx,Subsize,48,O48,Halila Limestone Viencut Beige,Lithoform Coast - Veincut,Vintage,Structured matt,,598x1198,Random 8 faces,"assortment option; not SKU, stock, lifecycle or Merch priority"
Assortment confirmation list with names 260618_1.xlsx,Subsize,48,R48,Halila Limestone Viencut Beige,Lithoform Coast - Veincut,20mm,Structured matt,,60x120,Random 8 faces,"assortment option; not SKU, stock, lifecycle or Merch priority"
Assortment confirmation list with names 260618_1.xlsx,Subsize,48,R48,Halila Limestone Viencut Beige,Lithoform Coast - Veincut,20mm,Structured matt,,Vintage,Random 8 faces,"assortment option; not SKU, stock, lifecycle or Merch priority"
Assortment confirmation list with names 260618_1.xlsx,Subsize,49,I49,Halila Limestone Viencut Grey,Lithoform Vista - Veincut,,Structured Honed,,298x598,Random 8 faces,"assortment option; not SKU, stock, lifecycle or Merch priority"
Assortment confirmation list with names 260618_1.xlsx,Subsize,49,I49,Halila Limestone Viencut Grey,Lithoform Vista - Veincut,,Structured Honed,,598x1198,Random 8 faces,"assortment option; not SKU, stock, lifecycle or Merch priority"
Assortment confirmation list with names 260618_1.xlsx,Subsize,49,I49,Halila Limestone Viencut Grey,Lithoform Vista - Veincut,,Structured Honed,,898x1798,Random 8 faces,"assortment option; not SKU, stock, lifecycle or Merch priority"
Assortment confirmation list with names 260618_1.xlsx,Subsize,49,I49,Halila Limestone Viencut Grey,Lithoform Vista - Veincut,,Structured Honed,,1198x2798,Random 8 faces,"assortment option; not SKU, stock, lifecycle or Merch priority"
Assortment confirmation list with names 260618_1.xlsx,Subsize,49,N49,Halila Limestone Viencut Grey,Lithoform Vista - Veincut,,Structured matt,,298x598,Random 8 faces,"assortment option; not SKU, stock, lifecycle or Merch priority"
Assortment confirmation list with names 260618_1.xlsx,Subsize,49,N49,Halila Limestone Viencut Grey,Lithoform Vista - Veincut,,Structured matt,,598x1198,Random 8 faces,"assortment option; not SKU, stock, lifecycle or Merch priority"
Assortment confirmation list with names 260618_1.xlsx,Subsize,49,N49,Halila Limestone Viencut Grey,Lithoform Vista - Veincut,,Structured matt,,898x1798,Random 8 faces,"assortment option; not SKU, stock, lifecycle or Merch priority"
Assortment confirmation list with names 260618_1.xlsx,Subsize,49,N49,Halila Limestone Viencut Grey,Lithoform Vista - Veincut,,Structured matt,,1198x2798,Random 8 faces,"assortment option; not SKU, stock, lifecycle or Merch priority"
Assortment confirmation list with names 260618_1.xlsx,Subsize,49,N49,Halila Limestone Viencut Grey,Lithoform Vista - Veincut,,Structured matt,,2 inch Hexagon,Random 8 faces,"assortment option; not SKU, stock, lifecycle or Merch priority"
Assortment confirmation list with names 260618_1.xlsx,Subsize,49,O49,Halila Limestone Viencut Grey,Lithoform Vista - Veincut,Vintage,Structured matt,,298x598,Random 8 faces,"assortment option; not SKU, stock, lifecycle or Merch priority"
Assortment confirmation list with names 260618_1.xlsx,Subsize,49,O49,Halila Limestone Viencut Grey,Lithoform Vista - Veincut,Vintage,Structured matt,,898x1798,Random 8 faces,"assortment option; not SKU, stock, lifecycle or Merch priority"
Assortment confirmation list with names 260618_1.xlsx,Subsize,49,O49,Halila Limestone Viencut Grey,Lithoform Vista - Veincut,Vintage,Structured matt,,598x1198,Random 8 faces,"assortment option; not SKU, stock, lifecycle or Merch priority"
Assortment confirmation list with names 260618_1.xlsx,Subsize,49,R49,Halila Limestone Viencut Grey,Lithoform Vista - Veincut,20mm,Structured matt,,60x120,Random 8 faces,"assortment option; not SKU, stock, lifecycle or Merch priority"
Assortment confirmation list with names 260618_1.xlsx,Subsize,49,R49,Halila Limestone Viencut Grey,Lithoform Vista - Veincut,20mm,Structured matt,,Vintage,Random 8 faces,"assortment option; not SKU, stock, lifecycle or Merch priority"
Assortment confirmation list with names 260618_1.xlsx,Subsize,50,I50,Halila Limestone Veincut Color 4,Lithoform Twilight - Veincut,,Structured Honed,,298x598,Random 8 faces,"assortment option; not SKU, stock, lifecycle or Merch priority"
Assortment confirmation list with names 260618_1.xlsx,Subsize,50,I50,Halila Limestone Veincut Color 4,Lithoform Twilight - Veincut,,Structured Honed,,598x1198,Random 8 faces,"assortment option; not SKU, stock, lifecycle or Merch priority"
Assortment confirmation list with names 260618_1.xlsx,Subsize,50,I50,Halila Limestone Veincut Color 4,Lithoform Twilight - Veincut,,Structured Honed,,898x1798,Random 8 faces,"assortment option; not SKU, stock, lifecycle or Merch priority"
Assortment confirmation list with names 260618_1.xlsx,Subsize,50,I50,Halila Limestone Veincut Color 4,Lithoform Twilight - Veincut,,Structured Honed,,1198x2798,Random 8 faces,"assortment option; not SKU, stock, lifecycle or Merch priority"
Assortment confirmation list with names 260618_1.xlsx,Subsize,50,N50,Halila Limestone Veincut Color 4,Lithoform Twilight - Veincut,,Structured matt,,298x598,Random 8 faces,"assortment option; not SKU, stock, lifecycle or Merch priority"
Assortment confirmation list with names 260618_1.xlsx,Subsize,50,N50,Halila Limestone Veincut Color 4,Lithoform Twilight - Veincut,,Structured matt,,598x1198,Random 8 faces,"assortment option; not SKU, stock, lifecycle or Merch priority"
Assortment confirmation list with names 260618_1.xlsx,Subsize,50,N50,Halila Limestone Veincut Color 4,Lithoform Twilight - Veincut,,Structured matt,,898x1798,Random 8 faces,"assortment option; not SKU, stock, lifecycle or Merch priority"
Assortment confirmation list with names 260618_1.xlsx,Subsize,50,N50,Halila Limestone Veincut Color 4,Lithoform Twilight - Veincut,,Structured matt,,1198x2798,Random 8 faces,"assortment option; not SKU, stock, lifecycle or Merch priority"
Assortment confirmation list with names 260618_1.xlsx,Subsize,50,N50,Halila Limestone Veincut Color 4,Lithoform Twilight - Veincut,,Structured matt,,2 inch Hexagon,Random 8 faces,"assortment option; not SKU, stock, lifecycle or Merch priority"
Assortment confirmation list with names 260618_1.xlsx,Subsize,50,O50,Halila Limestone Veincut Color 4,Lithoform Twilight - Veincut,Vintage,Structured matt,,298x598,Random 8 faces,"assortment option; not SKU, stock, lifecycle or Merch priority"
Assortment confirmation list with names 260618_1.xlsx,Subsize,50,O50,Halila Limestone Veincut Color 4,Lithoform Twilight - Veincut,Vintage,Structured matt,,898x1798,Random 8 faces,"assortment option; not SKU, stock, lifecycle or Merch priority"
Assortment confirmation list with names 260618_1.xlsx,Subsize,50,O50,Halila Limestone Veincut Color 4,Lithoform Twilight - Veincut,Vintage,Structured matt,,598x1198,Random 8 faces,"assortment option; not SKU, stock, lifecycle or Merch priority"
Assortment confirmation list with names 260618_1.xlsx,Subsize,50,R50,Halila Limestone Veincut Color 4,Lithoform Twilight - Veincut,20mm,Structured matt,,60x120,Random 8 faces,"assortment option; not SKU, stock, lifecycle or Merch priority"
Assortment confirmation list with names 260618_1.xlsx,Subsize,50,R50,Halila Limestone Veincut Color 4,Lithoform Twilight - Veincut,20mm,Structured matt,,Vintage,Random 8 faces,"assortment option; not SKU, stock, lifecycle or Merch priority"
Assortment confirmation list with names 260618_1.xlsx,Subsize,52,G52,Unicolor White (Unglazed),Monoforma Moonlight,,Unglazed Polished,,298x598,,"assortment option; not SKU, stock, lifecycle or Merch priority"
Assortment confirmation list with names 260618_1.xlsx,Subsize,52,G52,Unicolor White (Unglazed),Monoforma Moonlight,,Unglazed Polished,,598x598,,"assortment option; not SKU, stock, lifecycle or Merch priority"
Assortment confirmation list with names 260618_1.xlsx,Subsize,52,G52,Unicolor White (Unglazed),Monoforma Moonlight,,Unglazed Polished,,598x1198,,"assortment option; not SKU, stock, lifecycle or Merch priority"
Assortment confirmation list with names 260618_1.xlsx,Subsize,52,G52,Unicolor White (Unglazed),Monoforma Moonlight,,Unglazed Polished,,1198x1198,,"assortment option; not SKU, stock, lifecycle or Merch priority"
Assortment confirmation list with names 260618_1.xlsx,Subsize,52,G52,Unicolor White (Unglazed),Monoforma Moonlight,,Unglazed Polished,,1198x2798,,"assortment option; not SKU, stock, lifecycle or Merch priority"
Assortment confirmation list with names 260618_1.xlsx,Subsize,52,H52,Unicolor White (Unglazed),Monoforma Moonlight,Honed,Honed,,298x598,,"assortment option; not SKU, stock, lifecycle or Merch priority"
Assortment confirmation list with names 260618_1.xlsx,Subsize,52,H52,Unicolor White (Unglazed),Monoforma Moonlight,Honed,Honed,,598x598,,"assortment option; not SKU, stock, lifecycle or Merch priority"
Assortment confirmation list with names 260618_1.xlsx,Subsize,52,H52,Unicolor White (Unglazed),Monoforma Moonlight,Honed,Honed,,598x1198,,"assortment option; not SKU, stock, lifecycle or Merch priority"
Assortment confirmation list with names 260618_1.xlsx,Subsize,52,H52,Unicolor White (Unglazed),Monoforma Moonlight,Honed,Honed,,1198x1198,,"assortment option; not SKU, stock, lifecycle or Merch priority"
Assortment confirmation list with names 260618_1.xlsx,Subsize,52,H52,Unicolor White (Unglazed),Monoforma Moonlight,Honed,Honed,,1198x2798,,"assortment option; not SKU, stock, lifecycle or Merch priority"
Assortment confirmation list with names 260618_1.xlsx,Subsize,52,H52,Unicolor White (Unglazed),Monoforma Moonlight,Honed,Honed,,*Only wall,,"assortment option; not SKU, stock, lifecycle or Merch priority"
Assortment confirmation list with names 260618_1.xlsx,Subsize,52,L52,Unicolor White (Unglazed),Monoforma Moonlight,Silk,Structured matt,,298x598,,"assortment option; not SKU, stock, lifecycle or Merch priority"
Assortment confirmation list with names 260618_1.xlsx,Subsize,52,L52,Unicolor White (Unglazed),Monoforma Moonlight,Silk,Structured matt,,598x598,,"assortment option; not SKU, stock, lifecycle or Merch priority"
Assortment confirmation list with names 260618_1.xlsx,Subsize,52,L52,Unicolor White (Unglazed),Monoforma Moonlight,Silk,Structured matt,,598x1198,,"assortment option; not SKU, stock, lifecycle or Merch priority"
Assortment confirmation list with names 260618_1.xlsx,Subsize,52,L52,Unicolor White (Unglazed),Monoforma Moonlight,Silk,Structured matt,,1198x1198,,"assortment option; not SKU, stock, lifecycle or Merch priority"
Assortment confirmation list with names 260618_1.xlsx,Subsize,52,L52,Unicolor White (Unglazed),Monoforma Moonlight,Silk,Structured matt,,1198x2798,,"assortment option; not SKU, stock, lifecycle or Merch priority"
Assortment confirmation list with names 260618_1.xlsx,Subsize,52,L52,Unicolor White (Unglazed),Monoforma Moonlight,Silk,Structured matt,,4 inch Hexagon,,"assortment option; not SKU, stock, lifecycle or Merch priority"
Assortment confirmation list with names 260618_1.xlsx,Subsize,53,G53,Unicolor Ivory (Unglazed),Monoforma Oasis,,Unglazed Polished,,298x598,,"assortment option; not SKU, stock, lifecycle or Merch priority"
Assortment confirmation list with names 260618_1.xlsx,Subsize,53,G53,Unicolor Ivory (Unglazed),Monoforma Oasis,,Unglazed Polished,,598x598,,"assortment option; not SKU, stock, lifecycle or Merch priority"
Assortment confirmation list with names 260618_1.xlsx,Subsize,53,G53,Unicolor Ivory (Unglazed),Monoforma Oasis,,Unglazed Polished,,598x1198,,"assortment option; not SKU, stock, lifecycle or Merch priority"
Assortment confirmation list with names 260618_1.xlsx,Subsize,53,G53,Unicolor Ivory (Unglazed),Monoforma Oasis,,Unglazed Polished,,1198x1198,,"assortment option; not SKU, stock, lifecycle or Merch priority"
Assortment confirmation list with names 260618_1.xlsx,Subsize,53,G53,Unicolor Ivory (Unglazed),Monoforma Oasis,,Unglazed Polished,,1198x2798,,"assortment option; not SKU, stock, lifecycle or Merch priority"
Assortment confirmation list with names 260618_1.xlsx,Subsize,53,L53,Unicolor Ivory (Unglazed),Monoforma Oasis,Silk,Structured matt,,298x598,,"assortment option; not SKU, stock, lifecycle or Merch priority"
Assortment confirmation list with names 260618_1.xlsx,Subsize,53,L53,Unicolor Ivory (Unglazed),Monoforma Oasis,Silk,Structured matt,,598x598,,"assortment option; not SKU, stock, lifecycle or Merch priority"
Assortment confirmation list with names 260618_1.xlsx,Subsize,53,L53,Unicolor Ivory (Unglazed),Monoforma Oasis,Silk,Structured matt,,598x1198,,"assortment option; not SKU, stock, lifecycle or Merch priority"
Assortment confirmation list with names 260618_1.xlsx,Subsize,53,L53,Unicolor Ivory (Unglazed),Monoforma Oasis,Silk,Structured matt,,1198x1198,,"assortment option; not SKU, stock, lifecycle or Merch priority"
Assortment confirmation list with names 260618_1.xlsx,Subsize,53,L53,Unicolor Ivory (Unglazed),Monoforma Oasis,Silk,Structured matt,,1198x2798,,"assortment option; not SKU, stock, lifecycle or Merch priority"
Assortment confirmation list with names 260618_1.xlsx,Subsize,53,L53,Unicolor Ivory (Unglazed),Monoforma Oasis,Silk,Structured matt,,4 inch Hexagon,,"assortment option; not SKU, stock, lifecycle or Merch priority"
Assortment confirmation list with names 260618_1.xlsx,Subsize,54,G54,Unicolor Light Grey (Unglazed),Monoforma Storm,,Unglazed Polished,,298x598,,"assortment option; not SKU, stock, lifecycle or Merch priority"
Assortment confirmation list with names 260618_1.xlsx,Subsize,54,G54,Unicolor Light Grey (Unglazed),Monoforma Storm,,Unglazed Polished,,598x598,,"assortment option; not SKU, stock, lifecycle or Merch priority"
Assortment confirmation list with names 260618_1.xlsx,Subsize,54,G54,Unicolor Light Grey (Unglazed),Monoforma Storm,,Unglazed Polished,,598x1198,,"assortment option; not SKU, stock, lifecycle or Merch priority"
Assortment confirmation list with names 260618_1.xlsx,Subsize,54,G54,Unicolor Light Grey (Unglazed),Monoforma Storm,,Unglazed Polished,,1198x1198,,"assortment option; not SKU, stock, lifecycle or Merch priority"
Assortment confirmation list with names 260618_1.xlsx,Subsize,54,G54,Unicolor Light Grey (Unglazed),Monoforma Storm,,Unglazed Polished,,1198x2798,,"assortment option; not SKU, stock, lifecycle or Merch priority"
Assortment confirmation list with names 260618_1.xlsx,Subsize,54,L54,Unicolor Light Grey (Unglazed),Monoforma Storm,Silk,Structured matt,,298x598,,"assortment option; not SKU, stock, lifecycle or Merch priority"
Assortment confirmation list with names 260618_1.xlsx,Subsize,54,L54,Unicolor Light Grey (Unglazed),Monoforma Storm,Silk,Structured matt,,598x598,,"assortment option; not SKU, stock, lifecycle or Merch priority"
Assortment confirmation list with names 260618_1.xlsx,Subsize,54,L54,Unicolor Light Grey (Unglazed),Monoforma Storm,Silk,Structured matt,,598x1198,,"assortment option; not SKU, stock, lifecycle or Merch priority"
Assortment confirmation list with names 260618_1.xlsx,Subsize,54,L54,Unicolor Light Grey (Unglazed),Monoforma Storm,Silk,Structured matt,,1198x1198,,"assortment option; not SKU, stock, lifecycle or Merch priority"
Assortment confirmation list with names 260618_1.xlsx,Subsize,54,L54,Unicolor Light Grey (Unglazed),Monoforma Storm,Silk,Structured matt,,1198x2798,,"assortment option; not SKU, stock, lifecycle or Merch priority"
Assortment confirmation list with names 260618_1.xlsx,Subsize,54,L54,Unicolor Light Grey (Unglazed),Monoforma Storm,Silk,Structured matt,,4 inch Hexagon,,"assortment option; not SKU, stock, lifecycle or Merch priority"
Assortment confirmation list with names 260618_1.xlsx,Subsize,55,G55,Unicolor Black (Unglazed),Monoforma Silhouette,,Unglazed Polished,,298x598,,"assortment option; not SKU, stock, lifecycle or Merch priority"
Assortment confirmation list with names 260618_1.xlsx,Subsize,55,G55,Unicolor Black (Unglazed),Monoforma Silhouette,,Unglazed Polished,,598x598,,"assortment option; not SKU, stock, lifecycle or Merch priority"
Assortment confirmation list with names 260618_1.xlsx,Subsize,55,G55,Unicolor Black (Unglazed),Monoforma Silhouette,,Unglazed Polished,,598x1198,,"assortment option; not SKU, stock, lifecycle or Merch priority"
Assortment confirmation list with names 260618_1.xlsx,Subsize,55,G55,Unicolor Black (Unglazed),Monoforma Silhouette,,Unglazed Polished,,1198x1198,,"assortment option; not SKU, stock, lifecycle or Merch priority"
Assortment confirmation list with names 260618_1.xlsx,Subsize,55,G55,Unicolor Black (Unglazed),Monoforma Silhouette,,Unglazed Polished,,1198x2798,,"assortment option; not SKU, stock, lifecycle or Merch priority"
Assortment confirmation list with names 260618_1.xlsx,Subsize,55,L55,Unicolor Black (Unglazed),Monoforma Silhouette,Silk,Structured matt,,298x598,,"assortment option; not SKU, stock, lifecycle or Merch priority"
Assortment confirmation list with names 260618_1.xlsx,Subsize,55,L55,Unicolor Black (Unglazed),Monoforma Silhouette,Silk,Structured matt,,598x598,,"assortment option; not SKU, stock, lifecycle or Merch priority"
Assortment confirmation list with names 260618_1.xlsx,Subsize,55,L55,Unicolor Black (Unglazed),Monoforma Silhouette,Silk,Structured matt,,598x1198,,"assortment option; not SKU, stock, lifecycle or Merch priority"
Assortment confirmation list with names 260618_1.xlsx,Subsize,55,L55,Unicolor Black (Unglazed),Monoforma Silhouette,Silk,Structured matt,,1198x1198,,"assortment option; not SKU, stock, lifecycle or Merch priority"
Assortment confirmation list with names 260618_1.xlsx,Subsize,55,L55,Unicolor Black (Unglazed),Monoforma Silhouette,Silk,Structured matt,,1198x2798,,"assortment option; not SKU, stock, lifecycle or Merch priority"
Assortment confirmation list with names 260618_1.xlsx,Subsize,55,L55,Unicolor Black (Unglazed),Monoforma Silhouette,Silk,Structured matt,,4 inch Hexagon,,"assortment option; not SKU, stock, lifecycle or Merch priority"
Assortment confirmation list with names 260618_1.xlsx,Subsize,57,I57,K color / Blue Grey,Architeq Storm,,Structured Honed,,598x1198,Random 10 faces,"assortment option; not SKU, stock, lifecycle or Merch priority"
Assortment confirmation list with names 260618_1.xlsx,Subsize,57,N57,K color / Blue Grey,Architeq Storm,,Structured matt,,298x598,Random 10 faces,"assortment option; not SKU, stock, lifecycle or Merch priority"
Assortment confirmation list with names 260618_1.xlsx,Subsize,57,N57,K color / Blue Grey,Architeq Storm,,Structured matt,,598x598,Random 10 faces,"assortment option; not SKU, stock, lifecycle or Merch priority"
Assortment confirmation list with names 260618_1.xlsx,Subsize,57,N57,K color / Blue Grey,Architeq Storm,,Structured matt,,598x1198,Random 10 faces,"assortment option; not SKU, stock, lifecycle or Merch priority"
Assortment confirmation list with names 260618_1.xlsx,Subsize,57,N57,K color / Blue Grey,Architeq Storm,,Structured matt,,7.5x7.5 square,Random 10 faces,"assortment option; not SKU, stock, lifecycle or Merch priority"
Assortment confirmation list with names 260618_1.xlsx,Subsize,58,I58,I color / Green,Architeq Moss,,Structured Honed,,598x1198,Random 10 faces,"assortment option; not SKU, stock, lifecycle or Merch priority"
Assortment confirmation list with names 260618_1.xlsx,Subsize,58,N58,I color / Green,Architeq Moss,,Structured matt,,298x598,Random 10 faces,"assortment option; not SKU, stock, lifecycle or Merch priority"
Assortment confirmation list with names 260618_1.xlsx,Subsize,58,N58,I color / Green,Architeq Moss,,Structured matt,,598x598,Random 10 faces,"assortment option; not SKU, stock, lifecycle or Merch priority"
Assortment confirmation list with names 260618_1.xlsx,Subsize,58,N58,I color / Green,Architeq Moss,,Structured matt,,598x1198,Random 10 faces,"assortment option; not SKU, stock, lifecycle or Merch priority"
Assortment confirmation list with names 260618_1.xlsx,Subsize,58,N58,I color / Green,Architeq Moss,,Structured matt,,7.5x7.5 square,Random 10 faces,"assortment option; not SKU, stock, lifecycle or Merch priority"
Assortment confirmation list with names 260618_1.xlsx,Subsize,59,I59,L color / Brown,Architeq Cocoa,,Structured Honed,,598x1198,Random 10 faces,"assortment option; not SKU, stock, lifecycle or Merch priority"
Assortment confirmation list with names 260618_1.xlsx,Subsize,59,I59,L color / Brown,Architeq Cocoa,,Structured Honed,,1198x1198,Random 10 faces,"assortment option; not SKU, stock, lifecycle or Merch priority"
Assortment confirmation list with names 260618_1.xlsx,Subsize,59,N59,L color / Brown,Architeq Cocoa,,Structured matt,,298x598,Random 10 faces,"assortment option; not SKU, stock, lifecycle or Merch priority"
Assortment confirmation list with names 260618_1.xlsx,Subsize,59,N59,L color / Brown,Architeq Cocoa,,Structured matt,,598x598,Random 10 faces,"assortment option; not SKU, stock, lifecycle or Merch priority"
Assortment confirmation list with names 260618_1.xlsx,Subsize,59,N59,L color / Brown,Architeq Cocoa,,Structured matt,,598x1198,Random 10 faces,"assortment option; not SKU, stock, lifecycle or Merch priority"
Assortment confirmation list with names 260618_1.xlsx,Subsize,59,N59,L color / Brown,Architeq Cocoa,,Structured matt,,898x898,Random 10 faces,"assortment option; not SKU, stock, lifecycle or Merch priority"
Assortment confirmation list with names 260618_1.xlsx,Subsize,59,N59,L color / Brown,Architeq Cocoa,,Structured matt,,1198x1198,Random 10 faces,"assortment option; not SKU, stock, lifecycle or Merch priority"
Assortment confirmation list with names 260618_1.xlsx,Subsize,59,N59,L color / Brown,Architeq Cocoa,,Structured matt,,7.5x7.5 square,Random 10 faces,"assortment option; not SKU, stock, lifecycle or Merch priority"
Assortment confirmation list with names 260618_1.xlsx,Subsize,60,I60,A color / Anthracite,Architeq Graphite,,Structured Honed,,598x1198,Random 10 faces,"assortment option; not SKU, stock, lifecycle or Merch priority"
Assortment confirmation list with names 260618_1.xlsx,Subsize,60,I60,A color / Anthracite,Architeq Graphite,,Structured Honed,,1198x1198,Random 10 faces,"assortment option; not SKU, stock, lifecycle or Merch priority"
Assortment confirmation list with names 260618_1.xlsx,Subsize,60,N60,A color / Anthracite,Architeq Graphite,,Structured matt,,298x598,Random 10 faces,"assortment option; not SKU, stock, lifecycle or Merch priority"
Assortment confirmation list with names 260618_1.xlsx,Subsize,60,N60,A color / Anthracite,Architeq Graphite,,Structured matt,,598x598,Random 10 faces,"assortment option; not SKU, stock, lifecycle or Merch priority"
Assortment confirmation list with names 260618_1.xlsx,Subsize,60,N60,A color / Anthracite,Architeq Graphite,,Structured matt,,598x1198,Random 10 faces,"assortment option; not SKU, stock, lifecycle or Merch priority"
Assortment confirmation list with names 260618_1.xlsx,Subsize,60,N60,A color / Anthracite,Architeq Graphite,,Structured matt,,898x898,Random 10 faces,"assortment option; not SKU, stock, lifecycle or Merch priority"
Assortment confirmation list with names 260618_1.xlsx,Subsize,60,N60,A color / Anthracite,Architeq Graphite,,Structured matt,,1198x1198,Random 10 faces,"assortment option; not SKU, stock, lifecycle or Merch priority"
Assortment confirmation list with names 260618_1.xlsx,Subsize,60,N60,A color / Anthracite,Architeq Graphite,,Structured matt,,7.5x7.5 square,Random 10 faces,"assortment option; not SKU, stock, lifecycle or Merch priority"
Assortment confirmation list with names 260618_1.xlsx,Subsize,61,I61,H color / Warm Taupe,Architeq Earth,,Structured Honed,,598x1198,Random 10 faces,"assortment option; not SKU, stock, lifecycle or Merch priority"
Assortment confirmation list with names 260618_1.xlsx,Subsize,61,I61,H color / Warm Taupe,Architeq Earth,,Structured Honed,,1198x1198,Random 10 faces,"assortment option; not SKU, stock, lifecycle or Merch priority"
Assortment confirmation list with names 260618_1.xlsx,Subsize,61,I61,H color / Warm Taupe,Architeq Earth,,Structured Honed,,1198x2798,Random 10 faces,"assortment option; not SKU, stock, lifecycle or Merch priority"
Assortment confirmation list with names 260618_1.xlsx,Subsize,61,N61,H color / Warm Taupe,Architeq Earth,,Structured matt,,298x598,Random 10 faces,"assortment option; not SKU, stock, lifecycle or Merch priority"
Assortment confirmation list with names 260618_1.xlsx,Subsize,61,N61,H color / Warm Taupe,Architeq Earth,,Structured matt,,598x598,Random 10 faces,"assortment option; not SKU, stock, lifecycle or Merch priority"
Assortment confirmation list with names 260618_1.xlsx,Subsize,61,N61,H color / Warm Taupe,Architeq Earth,,Structured matt,,598x1198,Random 10 faces,"assortment option; not SKU, stock, lifecycle or Merch priority"
Assortment confirmation list with names 260618_1.xlsx,Subsize,61,N61,H color / Warm Taupe,Architeq Earth,,Structured matt,,898x898,Random 10 faces,"assortment option; not SKU, stock, lifecycle or Merch priority"
Assortment confirmation list with names 260618_1.xlsx,Subsize,61,N61,H color / Warm Taupe,Architeq Earth,,Structured matt,,1198x1198,Random 10 faces,"assortment option; not SKU, stock, lifecycle or Merch priority"
Assortment confirmation list with names 260618_1.xlsx,Subsize,61,N61,H color / Warm Taupe,Architeq Earth,,Structured matt,,7.5x7.5 square,Random 10 faces,"assortment option; not SKU, stock, lifecycle or Merch priority"
Assortment confirmation list with names 260618_1.xlsx,Subsize,62,I62,G color / Sand,Architeq Clay,,Structured Honed,,598x1198,Random 10 faces,"assortment option; not SKU, stock, lifecycle or Merch priority"
Assortment confirmation list with names 260618_1.xlsx,Subsize,62,I62,G color / Sand,Architeq Clay,,Structured Honed,,1198x1198,Random 10 faces,"assortment option; not SKU, stock, lifecycle or Merch priority"
Assortment confirmation list with names 260618_1.xlsx,Subsize,62,I62,G color / Sand,Architeq Clay,,Structured Honed,,1198x2798,Random 10 faces,"assortment option; not SKU, stock, lifecycle or Merch priority"
Assortment confirmation list with names 260618_1.xlsx,Subsize,62,N62,G color / Sand,Architeq Clay,,Structured matt,,298x598,Random 10 faces,"assortment option; not SKU, stock, lifecycle or Merch priority"
Assortment confirmation list with names 260618_1.xlsx,Subsize,62,N62,G color / Sand,Architeq Clay,,Structured matt,,598x598,Random 10 faces,"assortment option; not SKU, stock, lifecycle or Merch priority"
Assortment confirmation list with names 260618_1.xlsx,Subsize,62,N62,G color / Sand,Architeq Clay,,Structured matt,,598x1198,Random 10 faces,"assortment option; not SKU, stock, lifecycle or Merch priority"
Assortment confirmation list with names 260618_1.xlsx,Subsize,62,N62,G color / Sand,Architeq Clay,,Structured matt,,898x898,Random 10 faces,"assortment option; not SKU, stock, lifecycle or Merch priority"
Assortment confirmation list with names 260618_1.xlsx,Subsize,62,N62,G color / Sand,Architeq Clay,,Structured matt,,1198x1198,Random 10 faces,"assortment option; not SKU, stock, lifecycle or Merch priority"
Assortment confirmation list with names 260618_1.xlsx,Subsize,62,N62,G color / Sand,Architeq Clay,,Structured matt,,7.5x7.5 square,Random 10 faces,"assortment option; not SKU, stock, lifecycle or Merch priority"
Assortment confirmation list with names 260618_1.xlsx,Subsize,63,I63,F color / Warm Light,Architeq Sand,,Structured Honed,,598x1198,Random 10 faces,"assortment option; not SKU, stock, lifecycle or Merch priority"
Assortment confirmation list with names 260618_1.xlsx,Subsize,63,I63,F color / Warm Light,Architeq Sand,,Structured Honed,,1198x1198,Random 10 faces,"assortment option; not SKU, stock, lifecycle or Merch priority"
Assortment confirmation list with names 260618_1.xlsx,Subsize,63,I63,F color / Warm Light,Architeq Sand,,Structured Honed,,1198x2798,Random 10 faces,"assortment option; not SKU, stock, lifecycle or Merch priority"
Assortment confirmation list with names 260618_1.xlsx,Subsize,63,N63,F color / Warm Light,Architeq Sand,,Structured matt,,298x598,Random 10 faces,"assortment option; not SKU, stock, lifecycle or Merch priority"
Assortment confirmation list with names 260618_1.xlsx,Subsize,63,N63,F color / Warm Light,Architeq Sand,,Structured matt,,598x598,Random 10 faces,"assortment option; not SKU, stock, lifecycle or Merch priority"
Assortment confirmation list with names 260618_1.xlsx,Subsize,63,N63,F color / Warm Light,Architeq Sand,,Structured matt,,598x1198,Random 10 faces,"assortment option; not SKU, stock, lifecycle or Merch priority"
Assortment confirmation list with names 260618_1.xlsx,Subsize,63,N63,F color / Warm Light,Architeq Sand,,Structured matt,,898x898,Random 10 faces,"assortment option; not SKU, stock, lifecycle or Merch priority"
Assortment confirmation list with names 260618_1.xlsx,Subsize,63,N63,F color / Warm Light,Architeq Sand,,Structured matt,,1198x1198,Random 10 faces,"assortment option; not SKU, stock, lifecycle or Merch priority"
Assortment confirmation list with names 260618_1.xlsx,Subsize,63,N63,F color / Warm Light,Architeq Sand,,Structured matt,,7.5x7.5 square,Random 10 faces,"assortment option; not SKU, stock, lifecycle or Merch priority"
Assortment confirmation list with names 260618_1.xlsx,Subsize,64,I64,D color / Lightest,Architeq Bone,,Structured Honed,,598x1198,Random 10 faces,"assortment option; not SKU, stock, lifecycle or Merch priority"
Assortment confirmation list with names 260618_1.xlsx,Subsize,64,I64,D color / Lightest,Architeq Bone,,Structured Honed,,1198x1198,Random 10 faces,"assortment option; not SKU, stock, lifecycle or Merch priority"
Assortment confirmation list with names 260618_1.xlsx,Subsize,64,I64,D color / Lightest,Architeq Bone,,Structured Honed,,1198x2798,Random 10 faces,"assortment option; not SKU, stock, lifecycle or Merch priority"
Assortment confirmation list with names 260618_1.xlsx,Subsize,64,N64,D color / Lightest,Architeq Bone,,Structured matt,,298x598,Random 10 faces,"assortment option; not SKU, stock, lifecycle or Merch priority"
Assortment confirmation list with names 260618_1.xlsx,Subsize,64,N64,D color / Lightest,Architeq Bone,,Structured matt,,598x598,Random 10 faces,"assortment option; not SKU, stock, lifecycle or Merch priority"
Assortment confirmation list with names 260618_1.xlsx,Subsize,64,N64,D color / Lightest,Architeq Bone,,Structured matt,,598x1198,Random 10 faces,"assortment option; not SKU, stock, lifecycle or Merch priority"
Assortment confirmation list with names 260618_1.xlsx,Subsize,64,N64,D color / Lightest,Architeq Bone,,Structured matt,,898x898,Random 10 faces,"assortment option; not SKU, stock, lifecycle or Merch priority"
Assortment confirmation list with names 260618_1.xlsx,Subsize,64,N64,D color / Lightest,Architeq Bone,,Structured matt,,1198x1198,Random 10 faces,"assortment option; not SKU, stock, lifecycle or Merch priority"
Assortment confirmation list with names 260618_1.xlsx,Subsize,64,N64,D color / Lightest,Architeq Bone,,Structured matt,,7.5x7.5 square,Random 10 faces,"assortment option; not SKU, stock, lifecycle or Merch priority"
Assortment confirmation list with names 260618_1.xlsx,Subsize,65,I65,C color / Grey,Architeq Mist,,Structured Honed,,598x1198,Random 10 faces,"assortment option; not SKU, stock, lifecycle or Merch priority"
Assortment confirmation list with names 260618_1.xlsx,Subsize,65,I65,C color / Grey,Architeq Mist,,Structured Honed,,1198x1198,Random 10 faces,"assortment option; not SKU, stock, lifecycle or Merch priority"
Assortment confirmation list with names 260618_1.xlsx,Subsize,65,I65,C color / Grey,Architeq Mist,,Structured Honed,,1198x2798,Random 10 faces,"assortment option; not SKU, stock, lifecycle or Merch priority"
Assortment confirmation list with names 260618_1.xlsx,Subsize,65,N65,C color / Grey,Architeq Mist,,Structured matt,,298x598,Random 10 faces,"assortment option; not SKU, stock, lifecycle or Merch priority"
Assortment confirmation list with names 260618_1.xlsx,Subsize,65,N65,C color / Grey,Architeq Mist,,Structured matt,,598x598,Random 10 faces,"assortment option; not SKU, stock, lifecycle or Merch priority"
Assortment confirmation list with names 260618_1.xlsx,Subsize,65,N65,C color / Grey,Architeq Mist,,Structured matt,,598x1198,Random 10 faces,"assortment option; not SKU, stock, lifecycle or Merch priority"
Assortment confirmation list with names 260618_1.xlsx,Subsize,65,N65,C color / Grey,Architeq Mist,,Structured matt,,898x898,Random 10 faces,"assortment option; not SKU, stock, lifecycle or Merch priority"
Assortment confirmation list with names 260618_1.xlsx,Subsize,65,N65,C color / Grey,Architeq Mist,,Structured matt,,1198x1198,Random 10 faces,"assortment option; not SKU, stock, lifecycle or Merch priority"
Assortment confirmation list with names 260618_1.xlsx,Subsize,65,N65,C color / Grey,Architeq Mist,,Structured matt,,7.5x7.5 square,Random 10 faces,"assortment option; not SKU, stock, lifecycle or Merch priority"
Assortment confirmation list with names 260618_1.xlsx,Subsize,66,I66,B color / Dark Grey,Architeq Smoke,,Structured Honed,,598x1198,Random 10 faces,"assortment option; not SKU, stock, lifecycle or Merch priority"
Assortment confirmation list with names 260618_1.xlsx,Subsize,66,I66,B color / Dark Grey,Architeq Smoke,,Structured Honed,,1198x1198,Random 10 faces,"assortment option; not SKU, stock, lifecycle or Merch priority"
Assortment confirmation list with names 260618_1.xlsx,Subsize,66,I66,B color / Dark Grey,Architeq Smoke,,Structured Honed,,1198x2798,Random 10 faces,"assortment option; not SKU, stock, lifecycle or Merch priority"
Assortment confirmation list with names 260618_1.xlsx,Subsize,66,N66,B color / Dark Grey,Architeq Smoke,,Structured matt,,298x598,Random 10 faces,"assortment option; not SKU, stock, lifecycle or Merch priority"
Assortment confirmation list with names 260618_1.xlsx,Subsize,66,N66,B color / Dark Grey,Architeq Smoke,,Structured matt,,598x598,Random 10 faces,"assortment option; not SKU, stock, lifecycle or Merch priority"
Assortment confirmation list with names 260618_1.xlsx,Subsize,66,N66,B color / Dark Grey,Architeq Smoke,,Structured matt,,598x1198,Random 10 faces,"assortment option; not SKU, stock, lifecycle or Merch priority"
Assortment confirmation list with names 260618_1.xlsx,Subsize,66,N66,B color / Dark Grey,Architeq Smoke,,Structured matt,,898x898,Random 10 faces,"assortment option; not SKU, stock, lifecycle or Merch priority"
Assortment confirmation list with names 260618_1.xlsx,Subsize,66,N66,B color / Dark Grey,Architeq Smoke,,Structured matt,,1198x1198,Random 10 faces,"assortment option; not SKU, stock, lifecycle or Merch priority"
Assortment confirmation list with names 260618_1.xlsx,Subsize,66,N66,B color / Dark Grey,Architeq Smoke,,Structured matt,,7.5x7.5 square,Random 10 faces,"assortment option; not SKU, stock, lifecycle or Merch priority"
Assortment confirmation list with names 260618_1.xlsx,Mosaic,3,K3,,Arabescato Corchia Block 59,Organic Matte,Structured matt,,2 inch,,"assortment option; not SKU, stock, lifecycle or Merch priority"
Assortment confirmation list with names 260618_1.xlsx,Mosaic,4,K4,,Statuario Block 16,Organic Matte,Structured matt,,2 inch,,"assortment option; not SKU, stock, lifecycle or Merch priority"
Assortment confirmation list with names 260618_1.xlsx,Mosaic,5,K5,,Bianco Gioia Block 19,Organic Matte,Structured matt,,2 inch,,"assortment option; not SKU, stock, lifecycle or Merch priority"
Assortment confirmation list with names 260618_1.xlsx,Mosaic,6,K6,,Calacatta Corchia Block 43,Organic Matte,Structured matt,,2 inch,,"assortment option; not SKU, stock, lifecycle or Merch priority"
Assortment confirmation list with names 260618_1.xlsx,Mosaic,7,K7,,Ariel Bianco Block 33,Organic Matte,Structured matt,,2 inch,,"assortment option; not SKU, stock, lifecycle or Merch priority"
Assortment confirmation list with names 260618_1.xlsx,Mosaic,8,K8,,Calacatta Oro Block 12,Organic Matte,Structured matt,,2 inch,,"assortment option; not SKU, stock, lifecycle or Merch priority"
Assortment confirmation list with names 260618_1.xlsx,Mosaic,9,K9,,Calacatta Cremo Block 31,Organic Matte,Structured matt,,2 inch,,"assortment option; not SKU, stock, lifecycle or Merch priority"
Assortment confirmation list with names 260618_1.xlsx,Mosaic,10,K10,,Bianco Stratura Block 18,Organic Matte,Structured matt,,2 inch,,"assortment option; not SKU, stock, lifecycle or Merch priority"
Assortment confirmation list with names 260618_1.xlsx,Mosaic,12,K12,,Calacatta Borghini Block 48,Organic Matte,Structured matt,,2 inch,,"assortment option; not SKU, stock, lifecycle or Merch priority"
Assortment confirmation list with names 260618_1.xlsx,Mosaic,13,K13,,Taj Mahal Block 36,Organic Matte,Structured matt,,2 inch,,"assortment option; not SKU, stock, lifecycle or Merch priority"
Assortment confirmation list with names 260618_1.xlsx,Mosaic,14,K14,,French Vanilla Block 35,Organic Matte,Structured matt,,2 inch,,"assortment option; not SKU, stock, lifecycle or Merch priority"
Assortment confirmation list with names 260618_1.xlsx,Mosaic,15,K15,,Forge Eleganza Block 20,Organic Matte,Structured matt,,2 inch,,"assortment option; not SKU, stock, lifecycle or Merch priority"
Assortment confirmation list with names 260618_1.xlsx,Mosaic,16,K16,,Atlantic Ocean Block 24,Organic Matte,Structured matt,,2 inch,,"assortment option; not SKU, stock, lifecycle or Merch priority"
Assortment confirmation list with names 260618_1.xlsx,Mosaic,17,K17,,Verdi Alpi Block 57,Organic Matte,Structured matt,,2 inch,,"assortment option; not SKU, stock, lifecycle or Merch priority"
Assortment confirmation list with names 260618_1.xlsx,Mosaic,18,K18,,Foresta Block 56,Organic Matte,Structured matt,,2 inch,,"assortment option; not SKU, stock, lifecycle or Merch priority"
Assortment confirmation list with names 260618_1.xlsx,Mosaic,22,K22,,Sahara Noir Block 15,Organic Matte,Structured matt,,2 inch,,"assortment option; not SKU, stock, lifecycle or Merch priority"
Assortment confirmation list with names 260618_1.xlsx,Mosaic,23,K23,,Calacatta Noir Block 34,Organic Matte,Structured matt,,2 inch,,"assortment option; not SKU, stock, lifecycle or Merch priority"
Assortment confirmation list with names 260618_1.xlsx,Mosaic,24,K24,,Travertino Classico Block 55,Organic Matte,Structured matt,,2 inch,,"assortment option; not SKU, stock, lifecycle or Merch priority"
Assortment confirmation list with names 260618_1.xlsx,Mosaic,25,K25,,Travertino Titanium Block 39,Organic Matte,Structured matt,,2 inch,,"assortment option; not SKU, stock, lifecycle or Merch priority"
Assortment confirmation list with names 260618_1.xlsx,Mosaic,26,K26,,Crystal Bianco Block 50,Organic Matte,Structured matt,,2 inch,,"assortment option; not SKU, stock, lifecycle or Merch priority"
Assortment confirmation list with names 260618_1.xlsx,Mosaic,27,K27,,Ceppo di Gre Block 71,Organic Matte,Structured matt,,2 inch,,"assortment option; not SKU, stock, lifecycle or Merch priority"
Assortment confirmation list with names 260618_1.xlsx,Mosaic,29,K29,,Onyx Halo,Organic Matte,Structured matt,,2 inch,,"assortment option; not SKU, stock, lifecycle or Merch priority"
Assortment confirmation list with names 260618_1.xlsx,Mosaic,30,K30,,Onyx Halo Color 2,Organic Matte,Structured matt,,2 inch,,"assortment option; not SKU, stock, lifecycle or Merch priority"
Assortment confirmation list with names 260618_1.xlsx,Mosaic,31,K31,,Onyx Halo Color 3,Organic Matte,Structured matt,,2 inch,,"assortment option; not SKU, stock, lifecycle or Merch priority"
Assortment confirmation list with names 260618_1.xlsx,Mosaic,32,K32,,Onyx Halo Color 4,Organic Matte,Structured matt,,2 inch,,"assortment option; not SKU, stock, lifecycle or Merch priority"
Assortment confirmation list with names 260618_1.xlsx,Mosaic,34,L34,,Serena Flint,,Structured matt,,4 inch,,"assortment option; not SKU, stock, lifecycle or Merch priority"
Assortment confirmation list with names 260618_1.xlsx,Mosaic,35,L35,,Serena Crater,,Structured matt,,4 inch,,"assortment option; not SKU, stock, lifecycle or Merch priority"
Assortment confirmation list with names 260618_1.xlsx,Mosaic,36,L36,,Serena Shale,,Structured matt,,4 inch,,"assortment option; not SKU, stock, lifecycle or Merch priority"
Assortment confirmation list with names 260618_1.xlsx,Mosaic,37,L37,,Serena Pewter,,Structured matt,,4 inch,,"assortment option; not SKU, stock, lifecycle or Merch priority"
Assortment confirmation list with names 260618_1.xlsx,Mosaic,38,L38,,Serena Dusk,,Structured matt,,4 inch,,"assortment option; not SKU, stock, lifecycle or Merch priority"
Assortment confirmation list with names 260618_1.xlsx,Mosaic,39,L39,,Serena Valley,,Structured matt,,4 inch,,"assortment option; not SKU, stock, lifecycle or Merch priority"
Assortment confirmation list with names 260618_1.xlsx,Mosaic,41,L41,,Lithoform Dunes - Crosscut,,Structured matt,,4 inch,,"assortment option; not SKU, stock, lifecycle or Merch priority"
Assortment confirmation list with names 260618_1.xlsx,Mosaic,42,L42,,Lithoform Coast - Crosscut,,Structured matt,,4 inch,,"assortment option; not SKU, stock, lifecycle or Merch priority"
Assortment confirmation list with names 260618_1.xlsx,Mosaic,43,L43,,Lithoform Vista - Crosscut,,Structured matt,,4 inch,,"assortment option; not SKU, stock, lifecycle or Merch priority"
Assortment confirmation list with names 260618_1.xlsx,Mosaic,44,L44,,Lithoform Twilight - Crosscut,,Structured matt,,4 inch,,"assortment option; not SKU, stock, lifecycle or Merch priority"
Assortment confirmation list with names 260618_1.xlsx,Mosaic,45,L45,,Lithoform Dunes - Veincut,,Structured matt,,2 inch,,"assortment option; not SKU, stock, lifecycle or Merch priority"
Assortment confirmation list with names 260618_1.xlsx,Mosaic,46,L46,,Lithoform Coast - Veincut,,Structured matt,,2 inch,,"assortment option; not SKU, stock, lifecycle or Merch priority"
Assortment confirmation list with names 260618_1.xlsx,Mosaic,47,L47,,Lithoform Vista - Veincut,,Structured matt,,2 inch,,"assortment option; not SKU, stock, lifecycle or Merch priority"
Assortment confirmation list with names 260618_1.xlsx,Mosaic,48,L48,,Lithoform Twilight - Veincut,,Structured matt,,2 inch,,"assortment option; not SKU, stock, lifecycle or Merch priority"
Assortment confirmation list with names 260618_1.xlsx,Mosaic,50,J50,,Monoforma Moonlight,Silk,Soft Antslip Matt,,4 inch,,"assortment option; not SKU, stock, lifecycle or Merch priority"
Assortment confirmation list with names 260618_1.xlsx,Mosaic,51,J51,,Monoforma Oasis,Silk,Soft Antslip Matt,,4 inch,,"assortment option; not SKU, stock, lifecycle or Merch priority"
Assortment confirmation list with names 260618_1.xlsx,Mosaic,52,J52,,Monoforma Storm,Silk,Soft Antslip Matt,,4 inch,,"assortment option; not SKU, stock, lifecycle or Merch priority"
Assortment confirmation list with names 260618_1.xlsx,Mosaic,53,J53,,Monoforma Silhouette,Silk,Soft Antslip Matt,,4 inch,,"assortment option; not SKU, stock, lifecycle or Merch priority"
